nomeUF,idadePaciente,sexoPaciente,total_aplicacoes
AC,0,F,3149
AC,0,M,3208
AC,1,F,1504
AC,1,M,1551
AC,2,F,358
AC,2,M,365
AC,3,F,286
AC,3,M,364
AC,4,F,1100
AC,4,M,1145
AC,5,F,329
AC,5,M,396
AC,6,F,311
AC,6,M,326
AC,7,F,210
AC,7,M,204
AC,8,F,204
AC,8,M,197
AC,9,F,513
AC,9,M,507
AC,10,F,591
AC,10,M,610
AC,11,F,747
AC,11,M,785
AC,12,F,416
AC,12,M,479
AC,13,F,385
AC,13,M,388
AC,14,F,354
AC,14,M,319
AC,15,F,260
AC,15,M,206
AC,16,F,216
AC,16,M,147
AC,17,F,207
AC,17,M,122
AC,18,F,197
AC,18,M,91
AC,19,F,202
AC,19,M,81
AC,20,F,217
AC,20,M,91
AC,21,F,194
AC,21,M,90
AC,22,F,214
AC,22,M,110
AC,23,F,173
AC,23,M,114
AC,24,F,187
AC,24,M,101
AC,25,F,192
AC,25,M,110
AC,26,F,216
AC,26,M,127
AC,27,F,215
AC,27,M,129
AC,28,F,190
AC,28,M,99
AC,29,F,205
AC,29,M,108
AC,30,F,203
AC,30,M,105
AC,31,F,178
AC,31,M,105
AC,32,F,160
AC,32,M,84
AC,33,F,170
AC,33,M,84
AC,34,F,156
AC,34,M,97
AC,35,F,160
AC,35,M,98
AC,36,F,144
AC,36,M,80
AC,37,F,104
AC,37,M,85
AC,38,F,140
AC,38,M,78
AC,39,F,155
AC,39,M,91
AC,40,F,160
AC,40,M,104
AC,41,F,135
AC,41,M,66
AC,42,F,131
AC,42,M,70
AC,43,F,140
AC,43,M,78
AC,44,F,138
AC,44,M,105
AC,45,F,150
AC,45,M,87
AC,46,F,112
AC,46,M,79
AC,47,F,109
AC,47,M,89
AC,48,F,137
AC,48,M,91
AC,49,F,103
AC,49,M,73
AC,50,F,119
AC,50,M,67
AC,51,F,93
AC,51,M,86
AC,52,F,112
AC,52,M,83
AC,53,F,107
AC,53,M,83
AC,54,F,116
AC,54,M,73
AC,55,F,106
AC,55,M,92
AC,56,F,118
AC,56,M,71
AC,57,F,102
AC,57,M,78
AC,58,F,103
AC,58,M,76
AC,59,F,104
AC,59,M,87
AC,60,F,101
AC,60,M,106
AC,61,F,90
AC,61,M,90
AC,62,F,99
AC,62,M,100
AC,63,F,95
AC,63,M,98
AC,64,F,112
AC,64,M,81
AC,65,F,91
AC,65,M,99
AC,66,F,90
AC,66,M,98
AC,67,F,72
AC,67,M,113
AC,68,F,91
AC,68,M,100
AC,69,F,85
AC,69,M,98
AC,70,F,84
AC,70,M,88
AC,71,F,72
AC,71,M,90
AC,72,F,67
AC,72,M,89
AC,73,F,55
AC,73,M,75
AC,74,F,59
AC,74,M,69
AC,75,F,54
AC,75,M,72
AC,76,F,44
AC,76,M,64
AC,77,F,38
AC,77,M,51
AC,78,F,35
AC,78,M,45
AC,79,F,32
AC,79,M,35
AC,80,F,32
AC,80,M,43
AC,81,F,29
AC,81,M,30
AC,82,F,37
AC,82,M,29
AC,83,F,15
AC,83,M,19
AC,84,F,16
AC,84,M,27
AC,85,F,20
AC,85,M,16
AC,86,F,12
AC,86,M,10
AC,87,F,8
AC,87,M,14
AC,88,F,11
AC,88,M,11
AC,89,F,13
AC,89,M,8
AC,90,F,8
AC,90,M,6
AC,91,F,6
AC,91,M,1
AC,92,F,4
AC,92,M,1
AC,93,F,3
AC,94,F,3
AC,94,M,1
AC,95,F,3
AC,95,M,1
AC,96,F,3
AC,96,M,2
AC,97,F,2
AC,98,M,1
AC,100,F,1
AC,101,F,1
AC,102,M,1
AC,104,M,1
AC,105,F,1
AC,106,M,1
AL,0,F,12128
AL,0,M,12865
AL,1,F,5324
AL,1,M,5544
AL,2,F,926
AL,2,M,977
AL,3,F,600
AL,3,M,627
AL,4,F,3174
AL,4,M,3115
AL,5,F,513
AL,5,M,500
AL,6,F,187
AL,6,M,196
AL,7,F,125
AL,7,M,118
AL,8,F,102
AL,8,M,109
AL,9,F,1348
AL,9,M,1058
AL,10,F,771
AL,10,M,758
AL,11,F,1427
AL,11,M,1333
AL,12,F,647
AL,12,M,629
AL,13,F,536
AL,13,M,558
AL,14,F,679
AL,14,M,657
AL,15,F,406
AL,15,M,254
AL,16,F,333
AL,16,M,149
AL,17,F,352
AL,17,M,112
AL,18,F,393
AL,18,M,197
AL,19,F,472
AL,19,M,165
AL,20,F,500
AL,20,M,160
AL,21,F,506
AL,21,M,192
AL,22,F,511
AL,22,M,192
AL,23,F,556
AL,23,M,225
AL,24,F,567
AL,24,M,214
AL,25,F,514
AL,25,M,190
AL,26,F,522
AL,26,M,223
AL,27,F,535
AL,27,M,193
AL,28,F,528
AL,28,M,198
AL,29,F,489
AL,29,M,210
AL,30,F,447
AL,30,M,205
AL,31,F,455
AL,31,M,172
AL,32,F,373
AL,32,M,188
AL,33,F,375
AL,33,M,135
AL,34,F,354
AL,34,M,154
AL,35,F,344
AL,35,M,175
AL,36,F,344
AL,36,M,183
AL,37,F,306
AL,37,M,160
AL,38,F,314
AL,38,M,178
AL,39,F,276
AL,39,M,154
AL,40,F,235
AL,40,M,145
AL,41,F,236
AL,41,M,158
AL,42,F,225
AL,42,M,181
AL,43,F,216
AL,43,M,176
AL,44,F,210
AL,44,M,169
AL,45,F,183
AL,45,M,148
AL,46,F,187
AL,46,M,142
AL,47,F,199
AL,47,M,130
AL,48,F,171
AL,48,M,139
AL,49,F,139
AL,49,M,139
AL,50,F,155
AL,50,M,112
AL,51,F,127
AL,51,M,126
AL,52,F,147
AL,52,M,115
AL,53,F,138
AL,53,M,103
AL,54,F,144
AL,54,M,117
AL,55,F,142
AL,55,M,113
AL,56,F,149
AL,56,M,90
AL,57,F,157
AL,57,M,104
AL,58,F,133
AL,58,M,98
AL,59,F,131
AL,59,M,77
AL,60,F,178
AL,60,M,122
AL,61,F,152
AL,61,M,94
AL,62,F,149
AL,62,M,99
AL,63,F,138
AL,63,M,99
AL,64,F,130
AL,64,M,104
AL,65,F,135
AL,65,M,95
AL,66,F,136
AL,66,M,79
AL,67,F,117
AL,67,M,90
AL,68,F,92
AL,68,M,86
AL,69,F,98
AL,69,M,100
AL,70,F,107
AL,70,M,94
AL,71,F,89
AL,71,M,50
AL,72,F,73
AL,72,M,69
AL,73,F,78
AL,73,M,52
AL,74,F,80
AL,74,M,58
AL,75,F,70
AL,75,M,49
AL,76,F,52
AL,76,M,33
AL,77,F,55
AL,77,M,38
AL,78,F,39
AL,78,M,44
AL,79,F,34
AL,79,M,24
AL,80,F,41
AL,80,M,34
AL,81,F,35
AL,81,M,13
AL,82,F,30
AL,82,M,19
AL,83,F,21
AL,83,M,12
AL,84,F,20
AL,84,M,14
AL,85,F,17
AL,85,M,6
AL,86,F,23
AL,86,M,11
AL,87,F,19
AL,87,M,6
AL,88,F,14
AL,88,M,4
AL,89,F,15
AL,89,M,6
AL,90,F,4
AL,90,M,4
AL,91,F,8
AL,91,M,3
AL,92,F,12
AL,92,M,1
AL,93,F,4
AL,94,F,4
AL,94,M,1
AL,95,F,5
AL,97,F,1
AL,97,M,1
AL,98,F,2
AL,98,M,1
AL,99,F,1
AL,100,F,1
AL,101,F,1
AL,102,F,2
AL,105,F,1
AL,107,M,1
AM,0,F,16831
AM,0,I,1
AM,0,M,17433
AM,1,F,8693
AM,1,I,2
AM,1,M,8877
AM,2,F,2418
AM,2,M,2490
AM,3,F,2511
AM,3,M,2543
AM,4,F,8364
AM,4,M,8929
AM,5,F,1860
AM,5,M,1869
AM,6,F,1010
AM,6,M,1092
AM,7,F,361
AM,7,M,430
AM,8,F,349
AM,8,M,369
AM,9,F,4380
AM,9,M,4294
AM,10,F,4095
AM,10,M,4399
AM,11,F,7694
AM,11,M,8297
AM,12,F,3255
AM,12,M,3518
AM,13,F,3100
AM,13,M,3161
AM,14,F,3945
AM,14,M,3703
AM,15,F,2946
AM,15,M,2800
AM,16,F,1370
AM,16,M,1288
AM,17,F,1010
AM,17,M,784
AM,18,F,978
AM,18,M,612
AM,19,F,988
AM,19,M,496
AM,20,F,959
AM,20,M,471
AM,21,F,959
AM,21,M,495
AM,22,F,1010
AM,22,M,491
AM,23,F,1026
AM,23,M,526
AM,24,F,994
AM,24,M,579
AM,25,F,1042
AM,25,M,614
AM,26,F,1032
AM,26,M,576
AM,27,F,1084
AM,27,M,611
AM,28,F,979
AM,28,M,600
AM,29,F,1057
AM,29,M,610
AM,30,F,1014
AM,30,M,567
AM,31,F,963
AM,31,M,591
AM,32,F,910
AM,32,M,569
AM,33,F,815
AM,33,M,489
AM,34,F,776
AM,34,M,491
AM,35,F,707
AM,35,M,490
AM,36,F,802
AM,36,M,479
AM,37,F,814
AM,37,M,552
AM,38,F,752
AM,38,M,527
AM,39,F,712
AM,39,M,526
AM,40,F,705
AM,40,M,564
AM,41,F,698
AM,41,M,529
AM,42,F,803
AM,42,M,541
AM,43,F,718
AM,43,M,495
AM,44,F,670
AM,44,M,518
AM,45,F,683
AM,45,M,520
AM,46,F,647
AM,46,M,470
AM,47,F,648
AM,47,M,435
AM,48,F,595
AM,48,M,414
AM,49,F,585
AM,49,M,405
AM,50,F,558
AM,50,M,416
AM,51,F,511
AM,51,M,351
AM,52,F,518
AM,52,M,386
AM,53,F,458
AM,53,M,346
AM,54,F,475
AM,54,M,354
AM,55,F,401
AM,55,M,353
AM,56,F,437
AM,56,M,363
AM,57,F,431
AM,57,M,360
AM,58,F,408
AM,58,M,344
AM,59,F,435
AM,59,M,334
AM,60,F,585
AM,60,M,423
AM,61,F,509
AM,61,M,394
AM,62,F,561
AM,62,M,429
AM,63,F,439
AM,63,M,383
AM,64,F,487
AM,64,M,417
AM,65,F,445
AM,65,M,387
AM,66,F,468
AM,66,M,424
AM,67,F,406
AM,67,M,385
AM,68,F,423
AM,68,M,363
AM,69,F,333
AM,69,M,369
AM,70,F,304
AM,70,M,317
AM,71,F,355
AM,71,M,317
AM,72,F,283
AM,72,M,297
AM,73,F,238
AM,73,M,244
AM,74,F,240
AM,74,M,241
AM,75,F,243
AM,75,M,192
AM,76,F,178
AM,76,M,174
AM,77,F,154
AM,77,M,139
AM,78,F,138
AM,78,M,123
AM,79,F,124
AM,79,M,109
AM,80,F,118
AM,80,M,118
AM,81,F,107
AM,81,M,87
AM,82,F,76
AM,82,M,90
AM,83,F,65
AM,83,M,64
AM,84,F,69
AM,84,M,53
AM,85,F,58
AM,85,M,46
AM,86,F,40
AM,86,M,34
AM,87,F,30
AM,87,M,24
AM,88,F,28
AM,88,M,19
AM,89,F,27
AM,89,M,23
AM,90,F,16
AM,90,M,12
AM,91,F,21
AM,91,M,8
AM,92,F,9
AM,92,M,12
AM,93,F,9
AM,93,M,1
AM,94,F,9
AM,94,M,7
AM,95,F,6
AM,95,M,4
AM,96,F,8
AM,96,M,3
AM,97,F,5
AM,98,F,5
AM,98,M,1
AM,99,F,3
AM,99,M,3
AM,100,F,1
AM,100,M,2
AM,101,F,1
AM,102,F,2
AM,102,M,1
AM,103,F,1
AM,104,F,1
AM,105,F,2
AM,108,F,1
AM,110,F,1
AM,125,F,1
AP,0,F,2902
AP,0,M,3016
AP,1,F,1499
AP,1,M,1518
AP,2,F,274
AP,2,M,327
AP,3,F,196
AP,3,M,208
AP,4,F,950
AP,4,M,937
AP,5,F,144
AP,5,M,177
AP,6,F,89
AP,6,M,76
AP,7,F,48
AP,7,M,49
AP,8,F,42
AP,8,M,54
AP,9,F,433
AP,9,M,349
AP,10,F,192
AP,10,M,208
AP,11,F,494
AP,11,M,487
AP,12,F,215
AP,12,M,201
AP,13,F,180
AP,13,M,171
AP,14,F,237
AP,14,M,193
AP,15,F,178
AP,15,M,110
AP,16,F,143
AP,16,M,82
AP,17,F,142
AP,17,M,69
AP,18,F,177
AP,18,M,73
AP,19,F,175
AP,19,M,67
AP,20,F,198
AP,20,M,67
AP,21,F,188
AP,21,M,75
AP,22,F,185
AP,22,M,84
AP,23,F,218
AP,23,M,85
AP,24,F,201
AP,24,M,70
AP,25,F,172
AP,25,M,77
AP,26,F,192
AP,26,M,87
AP,27,F,208
AP,27,M,72
AP,28,F,182
AP,28,M,70
AP,29,F,160
AP,29,M,70
AP,30,F,172
AP,30,M,61
AP,31,F,155
AP,31,M,62
AP,32,F,143
AP,32,M,74
AP,33,F,129
AP,33,M,65
AP,34,F,130
AP,34,M,56
AP,35,F,117
AP,35,M,51
AP,36,F,118
AP,36,M,55
AP,37,F,126
AP,37,M,68
AP,38,F,140
AP,38,M,61
AP,39,F,106
AP,39,M,52
AP,40,F,117
AP,40,M,59
AP,41,F,86
AP,41,M,49
AP,42,F,125
AP,42,M,64
AP,43,F,92
AP,43,M,54
AP,44,F,94
AP,44,M,58
AP,45,F,97
AP,45,M,40
AP,46,F,79
AP,46,M,39
AP,47,F,71
AP,47,M,64
AP,48,F,79
AP,48,M,47
AP,49,F,93
AP,49,M,59
AP,50,F,89
AP,50,M,46
AP,51,F,72
AP,51,M,40
AP,52,F,64
AP,52,M,56
AP,53,F,61
AP,53,M,40
AP,54,F,62
AP,54,M,52
AP,55,F,65
AP,55,M,47
AP,56,F,64
AP,56,M,43
AP,57,F,68
AP,57,M,28
AP,58,F,68
AP,58,M,40
AP,59,F,48
AP,59,M,39
AP,60,F,72
AP,60,M,62
AP,61,F,58
AP,61,M,56
AP,62,F,64
AP,62,M,81
AP,63,F,77
AP,63,M,36
AP,64,F,73
AP,64,M,46
AP,65,F,75
AP,65,M,57
AP,66,F,64
AP,66,M,52
AP,67,F,74
AP,67,M,55
AP,68,F,69
AP,68,M,55
AP,69,F,53
AP,69,M,57
AP,70,F,35
AP,70,M,41
AP,71,F,63
AP,71,M,47
AP,72,F,54
AP,72,M,37
AP,73,F,31
AP,73,M,41
AP,74,F,38
AP,74,M,40
AP,75,F,32
AP,75,M,26
AP,76,F,22
AP,76,M,35
AP,77,F,36
AP,77,M,17
AP,78,F,19
AP,78,M,19
AP,79,F,13
AP,79,M,19
AP,80,F,21
AP,80,M,24
AP,81,F,16
AP,81,M,13
AP,82,F,10
AP,82,M,15
AP,83,F,16
AP,83,M,9
AP,84,F,20
AP,84,M,11
AP,85,F,6
AP,85,M,8
AP,86,F,8
AP,86,M,6
AP,87,F,6
AP,87,M,9
AP,88,F,6
AP,88,M,4
AP,89,F,3
AP,89,M,2
AP,90,F,2
AP,90,M,2
AP,91,F,6
AP,91,M,2
AP,92,F,2
AP,92,M,4
AP,93,F,2
AP,93,M,4
AP,94,F,1
AP,94,M,1
AP,95,F,1
AP,97,F,1
AP,99,F,1
AP,106,F,1
BA,0,F,41172
BA,0,M,42623
BA,1,F,16939
BA,1,M,17648
BA,2,F,2632
BA,2,M,2876
BA,3,F,1343
BA,3,M,1389
BA,4,F,11140
BA,4,M,11513
BA,5,F,2294
BA,5,M,2263
BA,6,F,787
BA,6,M,870
BA,7,F,338
BA,7,I,1
BA,7,M,425
BA,8,F,279
BA,8,M,292
BA,9,F,4730
BA,9,M,3560
BA,10,F,3051
BA,10,M,3108
BA,11,F,6013
BA,11,M,6035
BA,12,F,2360
BA,12,M,2538
BA,13,F,2077
BA,13,M,2006
BA,14,F,3333
BA,14,M,2956
BA,15,F,2552
BA,15,M,2110
BA,16,F,1267
BA,16,M,796
BA,17,F,1176
BA,17,M,604
BA,18,F,1410
BA,18,M,824
BA,19,F,1484
BA,19,M,665
BA,20,F,1628
BA,20,M,620
BA,21,F,1663
BA,21,M,593
BA,22,F,1721
BA,22,M,646
BA,23,F,1714
BA,23,M,615
BA,24,F,1804
BA,24,M,681
BA,25,F,1963
BA,25,M,701
BA,26,F,1757
BA,26,M,643
BA,27,F,1877
BA,27,M,655
BA,28,F,1707
BA,28,M,671
BA,29,F,1670
BA,29,M,685
BA,30,F,1669
BA,30,M,630
BA,31,F,1552
BA,31,M,592
BA,32,F,1453
BA,32,M,599
BA,33,F,1386
BA,33,M,595
BA,34,F,1275
BA,34,M,589
BA,35,F,1316
BA,35,M,603
BA,36,F,1311
BA,36,M,592
BA,37,F,1271
BA,37,M,600
BA,38,F,1276
BA,38,M,667
BA,39,F,1157
BA,39,M,677
BA,40,F,1061
BA,40,M,653
BA,41,F,1010
BA,41,M,653
BA,42,F,932
BA,42,M,673
BA,43,F,912
BA,43,M,681
BA,44,F,815
BA,44,M,608
BA,45,F,832
BA,45,M,575
BA,46,F,735
BA,46,M,579
BA,47,F,686
BA,47,M,566
BA,48,F,630
BA,48,M,499
BA,49,F,601
BA,49,M,490
BA,50,F,614
BA,50,M,510
BA,51,F,569
BA,51,M,442
BA,52,F,630
BA,52,M,435
BA,53,F,543
BA,53,M,430
BA,54,F,548
BA,54,M,404
BA,55,F,554
BA,55,M,379
BA,56,F,537
BA,56,M,419
BA,57,F,498
BA,57,M,399
BA,58,F,530
BA,58,M,382
BA,59,F,475
BA,59,M,381
BA,60,F,507
BA,60,M,362
BA,61,F,449
BA,61,M,360
BA,62,F,453
BA,62,M,327
BA,63,F,372
BA,63,M,300
BA,64,F,420
BA,64,M,315
BA,65,F,424
BA,65,M,289
BA,66,F,397
BA,66,M,280
BA,67,F,363
BA,67,M,286
BA,68,F,305
BA,68,M,247
BA,69,F,302
BA,69,M,231
BA,70,F,314
BA,70,M,243
BA,71,F,262
BA,71,M,229
BA,72,F,249
BA,72,M,203
BA,73,F,249
BA,73,M,157
BA,74,F,205
BA,74,M,191
BA,75,F,183
BA,75,M,144
BA,76,F,171
BA,76,M,127
BA,77,F,137
BA,77,M,123
BA,78,F,142
BA,78,M,101
BA,79,F,107
BA,79,M,110
BA,80,F,113
BA,80,M,103
BA,81,F,103
BA,81,M,81
BA,82,F,99
BA,82,M,74
BA,83,F,72
BA,83,M,54
BA,84,F,80
BA,84,M,60
BA,85,F,70
BA,85,M,55
BA,86,F,66
BA,86,M,36
BA,87,F,46
BA,87,M,28
BA,88,F,37
BA,88,M,25
BA,89,F,40
BA,89,M,23
BA,90,F,24
BA,90,M,12
BA,91,F,22
BA,91,M,13
BA,92,F,26
BA,92,M,9
BA,93,F,15
BA,93,M,8
BA,94,F,10
BA,94,M,11
BA,95,F,10
BA,95,M,7
BA,96,F,5
BA,96,M,4
BA,97,F,3
BA,97,M,3
BA,98,F,4
BA,98,M,2
BA,99,M,1
BA,100,F,4
BA,101,F,1
BA,102,F,1
BA,102,M,1
BA,104,F,1
BA,104,M,1
BA,105,M,1
BA,106,F,1
BA,107,M,1
BA,125,F,4
CE,0,F,29027
CE,0,I,6
CE,0,M,30670
CE,1,F,13215
CE,1,M,13936
CE,2,F,2852
CE,2,I,1
CE,2,M,3003
CE,3,F,2239
CE,3,M,2364
CE,4,F,8094
CE,4,M,8256
CE,5,F,1164
CE,5,M,1130
CE,6,F,483
CE,6,M,533
CE,7,F,343
CE,7,M,329
CE,8,F,306
CE,8,M,331
CE,9,F,4517
CE,9,M,3913
CE,10,F,1587
CE,10,M,1696
CE,11,F,4009
CE,11,M,4134
CE,12,F,1529
CE,12,M,1673
CE,13,F,1430
CE,13,M,1360
CE,14,F,2897
CE,14,M,2571
CE,15,F,1578
CE,15,M,1331
CE,16,F,956
CE,16,M,631
CE,17,F,915
CE,17,M,473
CE,18,F,1135
CE,18,M,650
CE,19,F,1213
CE,19,M,505
CE,20,F,1223
CE,20,M,499
CE,21,F,1356
CE,21,M,504
CE,22,F,1385
CE,22,M,497
CE,23,F,1474
CE,23,M,571
CE,24,F,1567
CE,24,M,650
CE,25,F,1622
CE,25,M,627
CE,26,F,1552
CE,26,M,601
CE,27,F,1575
CE,27,M,628
CE,28,F,1589
CE,28,M,670
CE,29,F,1719
CE,29,M,659
CE,30,F,1541
CE,30,M,646
CE,31,F,1440
CE,31,M,593
CE,32,F,1487
CE,32,M,665
CE,33,F,1293
CE,33,M,597
CE,34,F,1219
CE,34,M,563
CE,35,F,1271
CE,35,M,703
CE,36,F,1256
CE,36,M,642
CE,37,F,1195
CE,37,M,607
CE,38,F,1126
CE,38,M,616
CE,39,F,1135
CE,39,M,626
CE,40,F,997
CE,40,M,552
CE,41,F,974
CE,41,M,575
CE,42,F,1002
CE,42,M,591
CE,43,F,894
CE,43,M,552
CE,44,F,868
CE,44,M,538
CE,45,F,814
CE,45,M,587
CE,46,F,755
CE,46,M,511
CE,47,F,763
CE,47,M,469
CE,48,F,730
CE,48,M,477
CE,49,F,708
CE,49,M,460
CE,50,F,717
CE,50,M,417
CE,51,F,645
CE,51,M,388
CE,52,F,685
CE,52,M,420
CE,53,F,627
CE,53,M,369
CE,54,F,670
CE,54,M,411
CE,55,F,668
CE,55,M,391
CE,56,F,655
CE,56,M,420
CE,57,F,670
CE,57,M,363
CE,58,F,632
CE,58,M,387
CE,59,F,581
CE,59,M,411
CE,60,F,709
CE,60,M,473
CE,61,F,690
CE,61,M,419
CE,62,F,657
CE,62,M,443
CE,63,F,585
CE,63,M,422
CE,64,F,622
CE,64,M,402
CE,65,F,557
CE,65,M,356
CE,66,F,570
CE,66,M,340
CE,67,F,556
CE,67,M,346
CE,68,F,480
CE,68,M,365
CE,69,F,467
CE,69,M,370
CE,70,F,391
CE,70,M,274
CE,71,F,408
CE,71,M,256
CE,72,F,375
CE,72,M,258
CE,73,F,336
CE,73,M,253
CE,74,F,358
CE,74,M,255
CE,75,F,293
CE,75,M,226
CE,76,F,293
CE,76,M,218
CE,77,F,269
CE,77,M,181
CE,78,F,212
CE,78,M,164
CE,79,F,214
CE,79,M,162
CE,80,F,183
CE,80,M,107
CE,81,F,166
CE,81,M,80
CE,82,F,147
CE,82,M,85
CE,83,F,104
CE,83,M,72
CE,84,F,115
CE,84,M,88
CE,85,F,108
CE,85,M,75
CE,86,F,105
CE,86,M,62
CE,87,F,61
CE,87,M,41
CE,88,F,74
CE,88,M,41
CE,89,F,68
CE,89,M,19
CE,90,F,46
CE,90,M,27
CE,91,F,32
CE,91,M,12
CE,92,F,29
CE,92,M,10
CE,93,F,21
CE,93,M,6
CE,94,F,12
CE,94,M,3
CE,95,F,14
CE,95,M,3
CE,96,F,12
CE,96,M,2
CE,97,F,7
CE,97,M,4
CE,98,F,5
CE,98,M,2
CE,99,F,8
CE,99,M,1
CE,100,F,2
CE,100,M,1
CE,102,F,1
CE,105,F,2
CE,108,M,1
CE,109,F,2
CE,125,F,2
DF,0,F,9771
DF,0,M,10266
DF,1,F,3946
DF,1,M,4239
DF,2,F,745
DF,2,M,830
DF,3,F,551
DF,3,M,577
DF,4,F,2861
DF,4,M,3030
DF,5,F,510
DF,5,M,560
DF,6,F,295
DF,6,M,284
DF,7,F,149
DF,7,M,167
DF,8,F,118
DF,8,M,142
DF,9,F,1721
DF,9,I,1
DF,9,M,1388
DF,10,F,2054
DF,10,M,2037
DF,11,F,2307
DF,11,M,2373
DF,12,F,1405
DF,12,M,1423
DF,13,F,1382
DF,13,M,1476
DF,14,F,1688
DF,14,M,1724
DF,15,F,549
DF,15,M,447
DF,16,F,289
DF,16,M,250
DF,17,F,267
DF,17,M,204
DF,18,F,268
DF,18,M,177
DF,19,F,311
DF,19,M,186
DF,20,F,338
DF,20,M,190
DF,21,F,432
DF,21,M,214
DF,22,F,385
DF,22,M,237
DF,23,F,386
DF,23,M,219
DF,24,F,389
DF,24,M,286
DF,25,F,507
DF,25,M,285
DF,26,F,485
DF,26,M,279
DF,27,F,445
DF,27,M,269
DF,28,F,491
DF,28,M,290
DF,29,F,480
DF,29,M,259
DF,30,F,513
DF,30,M,320
DF,31,F,453
DF,31,M,279
DF,32,F,448
DF,32,M,258
DF,33,F,491
DF,33,M,286
DF,34,F,478
DF,34,M,286
DF,35,F,477
DF,35,M,282
DF,36,F,497
DF,36,M,290
DF,37,F,481
DF,37,M,304
DF,38,F,470
DF,38,M,321
DF,39,F,393
DF,39,M,277
DF,40,F,407
DF,40,M,301
DF,41,F,373
DF,41,M,266
DF,42,F,372
DF,42,M,307
DF,43,F,401
DF,43,M,305
DF,44,F,351
DF,44,M,267
DF,45,F,348
DF,45,M,285
DF,46,F,321
DF,46,M,210
DF,47,F,289
DF,47,M,240
DF,48,F,278
DF,48,M,204
DF,49,F,266
DF,49,M,223
DF,50,F,326
DF,50,M,242
DF,51,F,285
DF,51,M,213
DF,52,F,293
DF,52,M,243
DF,53,F,265
DF,53,M,227
DF,54,F,259
DF,54,M,180
DF,55,F,250
DF,55,M,166
DF,56,F,260
DF,56,M,205
DF,57,F,266
DF,57,M,190
DF,58,F,252
DF,58,M,203
DF,59,F,261
DF,59,M,210
DF,60,F,349
DF,60,M,254
DF,61,F,354
DF,61,M,213
DF,62,F,306
DF,62,M,229
DF,63,F,318
DF,63,M,226
DF,64,F,331
DF,64,M,227
DF,65,F,298
DF,65,M,215
DF,66,F,326
DF,66,M,191
DF,67,F,297
DF,67,M,218
DF,68,F,263
DF,68,M,195
DF,69,F,243
DF,69,M,196
DF,70,F,244
DF,70,M,181
DF,71,F,229
DF,71,M,162
DF,72,F,239
DF,72,M,165
DF,73,F,198
DF,73,M,150
DF,74,F,196
DF,74,M,136
DF,75,F,185
DF,75,M,119
DF,76,F,148
DF,76,M,123
DF,77,F,149
DF,77,M,107
DF,78,F,134
DF,78,M,72
DF,79,F,118
DF,79,M,80
DF,80,F,101
DF,80,M,77
DF,81,F,111
DF,81,M,62
DF,82,F,83
DF,82,M,74
DF,83,F,59
DF,83,M,61
DF,84,F,63
DF,84,M,34
DF,85,F,69
DF,85,M,47
DF,86,F,43
DF,86,M,47
DF,87,F,42
DF,87,M,24
DF,88,F,32
DF,88,M,23
DF,89,F,20
DF,89,M,22
DF,90,F,26
DF,90,M,17
DF,91,F,23
DF,91,M,13
DF,92,F,24
DF,92,M,7
DF,93,F,7
DF,93,M,4
DF,94,F,19
DF,94,M,6
DF,95,F,5
DF,95,M,4
DF,96,F,3
DF,96,M,4
DF,97,F,6
DF,97,M,2
DF,98,F,2
DF,98,M,1
DF,99,F,2
DF,100,F,1
DF,100,M,1
DF,101,M,1
DF,104,F,1
DF,109,M,1
DF,111,F,1
DF,113,F,1
ES,0,F,13386
ES,0,M,13792
ES,1,F,6513
ES,1,M,6805
ES,2,F,2169
ES,2,M,2257
ES,3,F,1824
ES,3,M,1940
ES,4,F,3826
ES,4,M,4031
ES,5,F,655
ES,5,M,619
ES,6,F,377
ES,6,M,404
ES,7,F,195
ES,7,M,191
ES,8,F,162
ES,8,M,188
ES,9,F,2298
ES,9,M,2231
ES,10,F,2579
ES,10,M,2556
ES,11,F,3964
ES,11,M,3955
ES,12,F,1802
ES,12,M,1777
ES,13,F,1754
ES,13,M,1659
ES,14,F,2975
ES,14,M,2864
ES,15,F,2136
ES,15,M,2059
ES,16,F,548
ES,16,M,517
ES,17,F,370
ES,17,M,288
ES,18,F,312
ES,18,M,199
ES,19,F,338
ES,19,M,150
ES,20,F,426
ES,20,M,123
ES,21,F,431
ES,21,M,177
ES,22,F,495
ES,22,M,163
ES,23,F,517
ES,23,M,214
ES,24,F,519
ES,24,M,243
ES,25,F,586
ES,25,M,267
ES,26,F,564
ES,26,M,225
ES,27,F,569
ES,27,M,220
ES,28,F,529
ES,28,M,251
ES,29,F,592
ES,29,M,239
ES,30,F,555
ES,30,M,224
ES,31,F,530
ES,31,M,236
ES,32,F,526
ES,32,M,241
ES,33,F,489
ES,33,M,221
ES,34,F,489
ES,34,M,253
ES,35,F,508
ES,35,M,264
ES,36,F,467
ES,36,M,270
ES,37,F,411
ES,37,M,253
ES,38,F,473
ES,38,M,248
ES,39,F,353
ES,39,M,251
ES,40,F,347
ES,40,M,269
ES,41,F,349
ES,41,M,244
ES,42,F,372
ES,42,M,255
ES,43,F,360
ES,43,M,231
ES,44,F,301
ES,44,M,271
ES,45,F,313
ES,45,M,246
ES,46,F,317
ES,46,M,230
ES,47,F,301
ES,47,M,210
ES,48,F,245
ES,48,M,212
ES,49,F,288
ES,49,M,191
ES,50,F,259
ES,50,M,223
ES,51,F,239
ES,51,M,181
ES,52,F,242
ES,52,M,187
ES,53,F,256
ES,53,M,176
ES,54,F,226
ES,54,M,170
ES,55,F,236
ES,55,M,170
ES,56,F,243
ES,56,M,156
ES,57,F,255
ES,57,M,176
ES,58,F,261
ES,58,M,171
ES,59,F,283
ES,59,M,165
ES,60,F,341
ES,60,M,210
ES,61,F,321
ES,61,M,216
ES,62,F,338
ES,62,M,207
ES,63,F,309
ES,63,M,229
ES,64,F,297
ES,64,M,218
ES,65,F,289
ES,65,M,209
ES,66,F,302
ES,66,M,223
ES,67,F,283
ES,67,M,203
ES,68,F,244
ES,68,M,243
ES,69,F,255
ES,69,M,199
ES,70,F,248
ES,70,M,179
ES,71,F,228
ES,71,M,186
ES,72,F,210
ES,72,M,158
ES,73,F,168
ES,73,M,161
ES,74,F,152
ES,74,M,143
ES,75,F,142
ES,75,M,107
ES,76,F,144
ES,76,M,123
ES,77,F,132
ES,77,M,95
ES,78,F,108
ES,78,I,1
ES,78,M,73
ES,79,F,104
ES,79,M,70
ES,80,F,79
ES,80,M,63
ES,81,F,94
ES,81,M,65
ES,82,F,72
ES,82,M,46
ES,83,F,66
ES,83,M,40
ES,84,F,57
ES,84,M,39
ES,85,F,57
ES,85,M,40
ES,86,F,41
ES,86,M,22
ES,87,F,41
ES,87,M,24
ES,88,F,24
ES,88,M,22
ES,89,F,29
ES,89,M,18
ES,90,F,22
ES,90,M,14
ES,91,F,18
ES,91,M,11
ES,92,F,15
ES,92,M,8
ES,93,F,11
ES,93,M,9
ES,94,F,10
ES,94,M,8
ES,95,F,8
ES,95,M,2
ES,96,F,5
ES,96,M,9
ES,97,F,4
ES,97,M,5
ES,98,F,3
ES,99,F,3
ES,99,M,1
ES,100,F,2
ES,101,F,2
ES,102,F,1
ES,104,F,2
ES,117,F,1
ES,123,M,1
GO,0,F,22898
GO,0,M,23874
GO,1,F,10588
GO,1,M,11046
GO,2,F,1893
GO,2,M,2095
GO,3,F,1151
GO,3,M,1173
GO,4,F,6020
GO,4,M,6294
GO,5,F,1082
GO,5,M,1154
GO,6,F,2938
GO,6,M,2965
GO,7,F,2326
GO,7,M,2237
GO,8,F,2162
GO,8,M,2205
GO,9,F,5128
GO,9,M,4550
GO,10,F,3120
GO,10,M,3327
GO,11,F,4719
GO,11,I,1
GO,11,M,5131
GO,12,F,2249
GO,12,M,2430
GO,13,F,2017
GO,13,M,2241
GO,14,F,2832
GO,14,M,2734
GO,15,F,2284
GO,15,M,2278
GO,16,F,1855
GO,16,M,1682
GO,17,F,875
GO,17,M,748
GO,18,F,774
GO,18,M,500
GO,19,F,771
GO,19,M,453
GO,20,F,930
GO,20,M,410
GO,21,F,1034
GO,21,M,431
GO,22,F,981
GO,22,M,427
GO,23,F,1023
GO,23,M,467
GO,24,F,1056
GO,24,M,445
GO,25,F,1064
GO,25,M,479
GO,26,F,1063
GO,26,M,498
GO,27,F,1075
GO,27,M,500
GO,28,F,1008
GO,28,M,498
GO,29,F,1053
GO,29,M,501
GO,30,F,971
GO,30,M,476
GO,31,F,897
GO,31,M,447
GO,32,F,841
GO,32,M,453
GO,33,F,817
GO,33,M,453
GO,34,F,824
GO,34,M,444
GO,35,F,766
GO,35,M,499
GO,36,F,712
GO,36,M,451
GO,37,F,695
GO,37,M,466
GO,38,F,679
GO,38,M,461
GO,39,F,609
GO,39,M,469
GO,40,F,554
GO,40,M,390
GO,41,F,517
GO,41,M,459
GO,42,F,522
GO,42,M,432
GO,43,F,486
GO,43,M,423
GO,44,F,453
GO,44,M,357
GO,45,F,467
GO,45,M,406
GO,46,F,398
GO,46,M,367
GO,47,F,415
GO,47,M,339
GO,48,F,344
GO,48,M,335
GO,49,F,360
GO,49,M,353
GO,50,F,323
GO,50,M,316
GO,51,F,360
GO,51,M,272
GO,52,F,346
GO,52,M,290
GO,53,F,325
GO,53,M,247
GO,54,F,304
GO,54,M,270
GO,55,F,355
GO,55,M,261
GO,56,F,326
GO,56,M,271
GO,57,F,297
GO,57,M,255
GO,58,F,290
GO,58,M,260
GO,59,F,334
GO,59,M,238
GO,60,F,292
GO,60,M,271
GO,61,F,281
GO,61,M,247
GO,62,F,264
GO,62,M,230
GO,63,F,285
GO,63,M,210
GO,64,F,243
GO,64,M,243
GO,65,F,262
GO,65,M,210
GO,66,F,246
GO,66,M,218
GO,67,F,234
GO,67,M,213
GO,68,F,194
GO,68,M,182
GO,69,F,224
GO,69,M,185
GO,70,F,166
GO,70,M,167
GO,71,F,180
GO,71,M,141
GO,72,F,198
GO,72,M,156
GO,73,F,172
GO,73,M,131
GO,74,F,149
GO,74,M,156
GO,75,F,132
GO,75,M,108
GO,76,F,129
GO,76,M,117
GO,77,F,122
GO,77,M,101
GO,78,F,102
GO,78,M,91
GO,79,F,79
GO,79,M,68
GO,80,F,91
GO,80,M,78
GO,81,F,74
GO,81,M,57
GO,82,F,75
GO,82,M,65
GO,83,F,63
GO,83,M,48
GO,84,F,59
GO,84,M,46
GO,85,F,51
GO,85,M,37
GO,86,F,46
GO,86,M,33
GO,87,F,25
GO,87,M,20
GO,88,F,31
GO,88,M,24
GO,89,F,22
GO,89,M,19
GO,90,F,29
GO,90,M,14
GO,91,F,12
GO,91,M,9
GO,92,F,10
GO,92,M,3
GO,93,F,12
GO,93,M,9
GO,94,F,5
GO,94,M,1
GO,95,F,3
GO,95,M,6
GO,96,F,3
GO,96,M,4
GO,97,F,7
GO,97,M,1
GO,98,F,1
GO,98,M,2
GO,100,M,1
GO,101,F,3
GO,107,F,2
MA,0,F,22097
MA,0,I,2
MA,0,M,23478
MA,1,F,10695
MA,1,M,11291
MA,2,F,1919
MA,2,M,2081
MA,3,F,1050
MA,3,M,1187
MA,4,F,5828
MA,4,M,5995
MA,5,F,973
MA,5,M,988
MA,6,F,336
MA,6,M,352
MA,7,F,185
MA,7,M,214
MA,8,F,178
MA,8,M,177
MA,9,F,2821
MA,9,M,2182
MA,10,F,1201
MA,10,M,1203
MA,11,F,2658
MA,11,M,2459
MA,12,F,950
MA,12,I,1
MA,12,M,1065
MA,13,F,824
MA,13,M,810
MA,14,F,1236
MA,14,M,1067
MA,15,F,859
MA,15,M,596
MA,16,F,875
MA,16,M,389
MA,17,F,930
MA,17,M,315
MA,18,F,1093
MA,18,M,528
MA,19,F,1073
MA,19,M,534
MA,20,F,1153
MA,20,M,423
MA,21,F,1135
MA,21,M,450
MA,22,F,1127
MA,22,M,400
MA,23,F,1102
MA,23,M,422
MA,24,F,1198
MA,24,M,412
MA,25,F,1246
MA,25,M,434
MA,26,F,1081
MA,26,M,379
MA,27,F,1091
MA,27,M,419
MA,28,F,1044
MA,28,M,430
MA,29,F,1011
MA,29,M,410
MA,30,F,917
MA,30,M,384
MA,31,F,868
MA,31,M,385
MA,32,F,788
MA,32,M,362
MA,33,F,816
MA,33,M,380
MA,34,F,789
MA,34,M,332
MA,35,F,779
MA,35,M,346
MA,36,F,744
MA,36,M,364
MA,37,F,710
MA,37,M,374
MA,38,F,708
MA,38,M,322
MA,39,F,648
MA,39,M,343
MA,40,F,650
MA,40,M,346
MA,41,F,599
MA,41,M,380
MA,42,F,548
MA,42,M,316
MA,43,F,558
MA,43,M,372
MA,44,F,494
MA,44,M,319
MA,45,F,477
MA,45,M,354
MA,46,F,441
MA,46,M,330
MA,47,F,475
MA,47,M,288
MA,48,F,407
MA,48,M,304
MA,49,F,415
MA,49,M,250
MA,50,F,366
MA,50,M,241
MA,51,F,364
MA,51,M,240
MA,52,F,337
MA,52,M,259
MA,53,F,327
MA,53,M,250
MA,54,F,332
MA,54,M,250
MA,55,F,312
MA,55,M,205
MA,56,F,295
MA,56,M,194
MA,57,F,295
MA,57,M,190
MA,58,F,267
MA,58,M,197
MA,59,F,254
MA,59,M,174
MA,60,F,299
MA,60,M,218
MA,61,F,302
MA,61,M,193
MA,62,F,287
MA,62,M,198
MA,63,F,239
MA,63,M,184
MA,64,F,266
MA,64,M,180
MA,65,F,222
MA,65,M,180
MA,66,F,207
MA,66,M,194
MA,67,F,210
MA,67,M,185
MA,68,F,195
MA,68,M,147
MA,69,F,207
MA,69,M,163
MA,70,F,207
MA,70,M,184
MA,71,F,159
MA,71,M,139
MA,72,F,176
MA,72,M,128
MA,73,F,127
MA,73,M,116
MA,74,F,128
MA,74,M,109
MA,75,F,97
MA,75,M,92
MA,76,F,95
MA,76,M,91
MA,77,F,94
MA,77,M,79
MA,78,F,88
MA,78,M,81
MA,79,F,67
MA,79,M,47
MA,80,F,58
MA,80,M,50
MA,81,F,43
MA,81,M,50
MA,82,F,55
MA,82,M,48
MA,83,F,43
MA,83,M,25
MA,84,F,49
MA,84,M,32
MA,85,F,32
MA,85,M,29
MA,86,F,36
MA,86,M,27
MA,87,F,23
MA,87,M,19
MA,88,F,24
MA,88,M,11
MA,89,F,18
MA,89,M,9
MA,90,F,8
MA,90,M,13
MA,91,F,6
MA,91,M,8
MA,92,F,4
MA,92,M,4
MA,93,F,4
MA,93,M,7
MA,94,F,7
MA,94,M,2
MA,95,F,4
MA,95,M,4
MA,96,F,1
MA,96,M,1
MA,97,F,3
MA,97,M,1
MA,98,F,1
MA,98,M,2
MA,99,M,1
MA,101,F,2
MA,101,M,1
MA,103,M,1
MA,105,F,1
MA,108,M,1
MA,109,M,1
MG,0,F,58880
MG,0,I,2
MG,0,M,61726
MG,1,F,26763
MG,1,M,28228
MG,2,F,4492
MG,2,M,4638
MG,3,F,3146
MG,3,M,3265
MG,4,F,13293
MG,4,M,13715
MG,5,F,1358
MG,5,M,1445
MG,6,F,1862
MG,6,M,1817
MG,7,F,1462
MG,7,M,1479
MG,8,F,1203
MG,8,M,1292
MG,9,F,9718
MG,9,M,7864
MG,10,F,5961
MG,10,M,6069
MG,11,F,9656
MG,11,M,9788
MG,12,F,4200
MG,12,M,4476
MG,13,F,3432
MG,13,M,3553
MG,14,F,5137
MG,14,I,1
MG,14,M,5323
MG,15,F,3704
MG,15,M,2974
MG,16,F,1553
MG,16,I,1
MG,16,M,1109
MG,17,F,1341
MG,17,M,811
MG,18,F,1597
MG,18,M,1044
MG,19,F,1781
MG,19,M,854
MG,20,F,1821
MG,20,M,821
MG,21,F,2039
MG,21,M,869
MG,22,F,2138
MG,22,M,911
MG,23,F,2300
MG,23,M,1002
MG,24,F,2553
MG,24,M,1119
MG,25,F,3000
MG,25,M,1411
MG,26,F,2756
MG,26,M,1336
MG,27,F,2690
MG,27,M,1331
MG,28,F,2616
MG,28,M,1346
MG,29,F,2666
MG,29,M,1342
MG,30,F,2488
MG,30,M,1268
MG,31,F,2437
MG,31,M,1174
MG,32,F,2263
MG,32,M,1188
MG,33,F,2345
MG,33,M,1195
MG,34,F,2174
MG,34,M,1216
MG,35,F,2267
MG,35,M,1267
MG,36,F,2170
MG,36,M,1318
MG,37,F,1967
MG,37,M,1241
MG,38,F,1919
MG,38,M,1231
MG,39,F,1769
MG,39,M,1205
MG,40,F,1762
MG,40,M,1226
MG,41,F,1673
MG,41,M,1304
MG,42,F,1650
MG,42,M,1341
MG,43,F,1687
MG,43,M,1294
MG,44,F,1566
MG,44,M,1245
MG,45,F,1517
MG,45,M,1245
MG,46,F,1392
MG,46,M,1297
MG,47,F,1410
MG,47,M,1154
MG,48,F,1289
MG,48,M,1031
MG,49,F,1312
MG,49,M,1013
MG,50,F,1265
MG,50,M,1064
MG,51,F,1297
MG,51,M,970
MG,52,F,1464
MG,52,M,1174
MG,53,F,1387
MG,53,M,1153
MG,54,F,1236
MG,54,M,1069
MG,55,F,1355
MG,55,M,1060
MG,56,F,1320
MG,56,M,1068
MG,57,F,1383
MG,57,M,987
MG,58,F,1338
MG,58,M,1092
MG,59,F,1358
MG,59,M,1072
MG,60,F,1744
MG,60,M,1325
MG,61,F,1916
MG,61,M,1384
MG,62,F,1780
MG,62,I,1
MG,62,M,1381
MG,63,F,1844
MG,63,M,1431
MG,64,F,1668
MG,64,M,1387
MG,65,F,1803
MG,65,M,1456
MG,66,F,1672
MG,66,M,1523
MG,67,F,1680
MG,67,M,1381
MG,68,F,1720
MG,68,M,1407
MG,69,F,1613
MG,69,M,1335
MG,70,F,1568
MG,70,M,1298
MG,71,F,1425
MG,71,M,1176
MG,72,F,1271
MG,72,M,1209
MG,73,F,1258
MG,73,M,1089
MG,74,F,1201
MG,74,M,1067
MG,75,F,1040
MG,75,M,895
MG,76,F,1041
MG,76,M,882
MG,77,F,925
MG,77,M,800
MG,78,F,862
MG,78,M,729
MG,79,F,687
MG,79,M,630
MG,80,F,663
MG,80,M,602
MG,81,F,660
MG,81,M,512
MG,82,F,500
MG,82,M,487
MG,83,F,454
MG,83,M,351
MG,84,F,425
MG,84,M,336
MG,85,F,387
MG,85,M,297
MG,86,F,339
MG,86,M,275
MG,87,F,270
MG,87,M,193
MG,88,F,232
MG,88,M,174
MG,89,F,242
MG,89,M,140
MG,90,F,177
MG,90,M,140
MG,91,F,133
MG,91,M,78
MG,92,F,122
MG,92,M,70
MG,93,F,95
MG,93,M,52
MG,94,F,82
MG,94,M,26
MG,95,F,60
MG,95,M,29
MG,96,F,45
MG,96,M,19
MG,97,F,40
MG,97,M,14
MG,98,F,15
MG,98,M,9
MG,99,F,17
MG,99,M,9
MG,100,F,5
MG,100,M,4
MG,101,F,2
MG,101,M,6
MG,102,F,5
MG,102,M,4
MG,103,F,4
MG,103,M,1
MG,104,F,7
MG,104,M,1
MG,105,M,1
MG,106,F,1
MG,107,F,2
MG,108,F,2
MG,109,F,1
MG,111,F,1
MG,111,M,1
MG,112,F,1
MG,117,M,1
MG,125,F,6
MG,125,M,4
MS,0,F,10313
MS,0,I,3
MS,0,M,11088
MS,1,F,4592
MS,1,M,4629
MS,2,F,808
MS,2,M,891
MS,3,F,527
MS,3,M,489
MS,4,F,3339
MS,4,M,3400
MS,5,F,697
MS,5,M,738
MS,6,F,490
MS,6,M,513
MS,7,F,369
MS,7,M,363
MS,8,F,354
MS,8,M,354
MS,9,F,2180
MS,9,M,2064
MS,10,F,2542
MS,10,M,2723
MS,11,F,3676
MS,11,I,1
MS,11,M,3797
MS,12,F,2106
MS,12,M,2101
MS,13,F,2134
MS,13,M,2096
MS,14,F,3192
MS,14,M,3125
MS,15,F,1849
MS,15,M,1884
MS,16,F,1181
MS,16,M,1147
MS,17,F,724
MS,17,M,694
MS,18,F,469
MS,18,M,443
MS,19,F,447
MS,19,M,263
MS,20,F,410
MS,20,M,221
MS,21,F,444
MS,21,M,204
MS,22,F,486
MS,22,M,219
MS,23,F,456
MS,23,M,199
MS,24,F,492
MS,24,M,203
MS,25,F,479
MS,25,M,245
MS,26,F,463
MS,26,M,206
MS,27,F,459
MS,27,M,181
MS,28,F,435
MS,28,M,231
MS,29,F,493
MS,29,M,202
MS,30,F,415
MS,30,M,237
MS,31,F,437
MS,31,M,212
MS,32,F,417
MS,32,M,196
MS,33,F,389
MS,33,M,204
MS,34,F,399
MS,34,M,195
MS,35,F,368
MS,35,M,219
MS,36,F,362
MS,36,M,212
MS,37,F,344
MS,37,M,208
MS,38,F,333
MS,38,M,219
MS,39,F,302
MS,39,M,191
MS,40,F,250
MS,40,M,175
MS,41,F,291
MS,41,M,181
MS,42,F,302
MS,42,M,199
MS,43,F,242
MS,43,M,200
MS,44,F,259
MS,44,M,193
MS,45,F,235
MS,45,M,171
MS,46,F,202
MS,46,M,205
MS,47,F,216
MS,47,M,169
MS,48,F,193
MS,48,M,156
MS,49,F,212
MS,49,M,161
MS,50,F,205
MS,50,M,151
MS,51,F,219
MS,51,M,160
MS,52,F,167
MS,52,M,113
MS,53,F,189
MS,53,M,145
MS,54,F,175
MS,54,M,132
MS,55,F,163
MS,55,M,151
MS,56,F,174
MS,56,M,136
MS,57,F,165
MS,57,M,108
MS,58,F,153
MS,58,M,125
MS,59,F,160
MS,59,M,116
MS,60,F,132
MS,60,M,97
MS,61,F,166
MS,61,M,101
MS,62,F,123
MS,62,M,111
MS,63,F,116
MS,63,M,101
MS,64,F,110
MS,64,M,100
MS,65,F,130
MS,65,M,80
MS,66,F,120
MS,66,M,96
MS,67,F,132
MS,67,M,95
MS,68,F,111
MS,68,M,105
MS,69,F,103
MS,69,M,83
MS,70,F,108
MS,70,M,86
MS,71,F,68
MS,71,M,80
MS,72,F,76
MS,72,M,77
MS,73,F,67
MS,73,M,59
MS,74,F,70
MS,74,M,60
MS,75,F,63
MS,75,M,60
MS,76,F,54
MS,76,M,51
MS,77,F,50
MS,77,M,50
MS,78,F,39
MS,78,M,48
MS,79,F,26
MS,79,M,31
MS,80,F,37
MS,80,M,27
MS,81,F,34
MS,81,M,35
MS,82,F,18
MS,82,M,25
MS,83,F,18
MS,83,M,26
MS,84,F,17
MS,84,M,17
MS,85,F,13
MS,85,M,15
MS,86,F,10
MS,86,M,9
MS,87,F,9
MS,87,M,7
MS,88,F,10
MS,88,M,8
MS,89,F,10
MS,89,M,8
MS,90,F,9
MS,90,M,5
MS,91,F,7
MS,91,M,5
MS,92,F,5
MS,92,M,3
MS,93,F,6
MS,94,F,4
MS,94,M,2
MS,95,F,3
MS,95,M,2
MS,96,F,2
MS,97,F,1
MS,99,M,2
MS,100,M,1
MS,102,F,1
MS,103,M,1
MS,125,M,1
MT,0,F,14970
MT,0,I,1
MT,0,M,15287
MT,1,F,6544
MT,1,M,6883
MT,2,F,1197
MT,2,M,1280
MT,3,F,757
MT,3,M,803
MT,4,F,3819
MT,4,M,3898
MT,5,F,616
MT,5,M,564
MT,6,F,260
MT,6,M,300
MT,7,F,163
MT,7,M,152
MT,8,F,113
MT,8,M,101
MT,9,F,1950
MT,9,M,1594
MT,10,F,1080
MT,10,M,1192
MT,11,F,2026
MT,11,M,2057
MT,12,F,795
MT,12,M,906
MT,13,F,805
MT,13,M,775
MT,14,F,1100
MT,14,M,1077
MT,15,F,608
MT,15,M,492
MT,16,F,471
MT,16,M,317
MT,17,F,462
MT,17,M,242
MT,18,F,559
MT,18,M,323
MT,19,F,618
MT,19,M,281
MT,20,F,671
MT,20,M,275
MT,21,F,660
MT,21,M,306
MT,22,F,668
MT,22,M,282
MT,23,F,693
MT,23,M,288
MT,24,F,696
MT,24,M,311
MT,25,F,729
MT,25,M,310
MT,26,F,714
MT,26,M,283
MT,27,F,683
MT,27,M,306
MT,28,F,639
MT,28,M,304
MT,29,F,684
MT,29,M,314
MT,30,F,685
MT,30,M,299
MT,31,F,611
MT,31,M,270
MT,32,F,506
MT,32,M,278
MT,33,F,531
MT,33,M,269
MT,34,F,512
MT,34,M,250
MT,35,F,501
MT,35,M,228
MT,36,F,477
MT,36,M,253
MT,37,F,454
MT,37,M,250
MT,38,F,399
MT,38,M,263
MT,39,F,373
MT,39,M,266
MT,40,F,385
MT,40,M,220
MT,41,F,376
MT,41,M,222
MT,42,F,350
MT,42,M,242
MT,43,F,327
MT,43,M,212
MT,44,F,265
MT,44,M,201
MT,45,F,271
MT,45,M,209
MT,46,F,262
MT,46,M,188
MT,47,F,231
MT,47,M,199
MT,48,F,225
MT,48,M,192
MT,49,F,217
MT,49,M,191
MT,50,F,217
MT,50,M,171
MT,51,F,195
MT,51,M,165
MT,52,F,201
MT,52,M,153
MT,53,F,193
MT,53,M,142
MT,54,F,187
MT,54,M,133
MT,55,F,162
MT,55,M,157
MT,56,F,156
MT,56,M,124
MT,57,F,150
MT,57,M,138
MT,58,F,156
MT,58,M,131
MT,59,F,115
MT,59,M,124
MT,60,F,158
MT,60,M,126
MT,61,F,147
MT,61,M,108
MT,62,F,111
MT,62,M,111
MT,63,F,121
MT,63,M,89
MT,64,F,107
MT,64,M,94
MT,65,F,90
MT,65,M,93
MT,66,F,84
MT,66,M,98
MT,67,F,80
MT,67,M,85
MT,68,F,78
MT,68,M,89
MT,69,F,87
MT,69,M,87
MT,70,F,68
MT,70,M,70
MT,71,F,59
MT,71,M,63
MT,72,F,58
MT,72,M,62
MT,73,F,61
MT,73,M,43
MT,74,F,53
MT,74,M,40
MT,75,F,51
MT,75,M,36
MT,76,F,31
MT,76,M,48
MT,77,F,35
MT,77,M,26
MT,78,F,28
MT,78,M,27
MT,79,F,28
MT,79,M,28
MT,80,F,18
MT,80,M,28
MT,81,F,23
MT,81,M,16
MT,82,F,19
MT,82,M,24
MT,83,F,14
MT,83,M,15
MT,84,F,15
MT,84,M,14
MT,85,F,6
MT,85,M,13
MT,86,F,12
MT,86,M,6
MT,87,F,6
MT,87,M,5
MT,88,F,7
MT,88,M,6
MT,89,F,8
MT,89,M,4
MT,90,F,6
MT,90,M,3
MT,91,F,6
MT,91,M,6
MT,92,F,2
MT,92,M,4
MT,93,F,1
MT,93,M,1
MT,94,F,1
MT,94,M,5
MT,95,F,1
MT,95,M,1
MT,96,F,2
MT,97,F,2
MT,97,M,1
MT,100,M,1
MT,101,M,1
MT,103,F,1
MT,104,F,1
MT,104,M,1
PA,0,F,29730
PA,0,M,31484
PA,1,F,15670
PA,1,M,16801
PA,2,F,3261
PA,2,M,3483
PA,3,F,1943
PA,3,M,2075
PA,4,F,7920
PA,4,M,8084
PA,5,F,1702
PA,5,M,1788
PA,6,F,714
PA,6,M,760
PA,7,F,361
PA,7,M,360
PA,8,F,319
PA,8,M,337
PA,9,F,3849
PA,9,M,3227
PA,10,F,1717
PA,10,M,2009
PA,11,F,3693
PA,11,M,3574
PA,12,F,1530
PA,12,M,1642
PA,13,F,1227
PA,13,M,1307
PA,14,F,1618
PA,14,M,1465
PA,15,F,1270
PA,15,M,872
PA,16,F,1159
PA,16,M,603
PA,17,F,1204
PA,17,M,529
PA,18,F,1485
PA,18,M,951
PA,19,F,1587
PA,19,M,777
PA,20,F,1609
PA,20,M,677
PA,21,F,1683
PA,21,M,627
PA,22,F,1615
PA,22,M,636
PA,23,F,1629
PA,23,M,648
PA,24,F,1592
PA,24,M,635
PA,25,F,1592
PA,25,M,649
PA,26,F,1496
PA,26,M,642
PA,27,F,1501
PA,27,M,599
PA,28,F,1492
PA,28,M,667
PA,29,F,1399
PA,29,M,611
PA,30,F,1345
PA,30,M,665
PA,31,F,1238
PA,31,M,578
PA,32,F,1193
PA,32,M,549
PA,33,F,1097
PA,33,M,576
PA,34,F,1055
PA,34,M,519
PA,35,F,960
PA,35,M,522
PA,36,F,939
PA,36,M,545
PA,37,F,987
PA,37,M,538
PA,38,F,911
PA,38,M,540
PA,39,F,835
PA,39,M,579
PA,40,F,843
PA,40,M,530
PA,41,F,771
PA,41,M,556
PA,42,F,756
PA,42,M,598
PA,43,F,748
PA,43,M,586
PA,44,F,672
PA,44,M,537
PA,45,F,656
PA,45,M,520
PA,46,F,648
PA,46,M,553
PA,47,F,639
PA,47,M,472
PA,48,F,582
PA,48,M,478
PA,49,F,564
PA,49,M,488
PA,50,F,607
PA,50,M,446
PA,51,F,583
PA,51,M,411
PA,52,F,519
PA,52,M,464
PA,53,F,543
PA,53,M,406
PA,54,F,574
PA,54,M,440
PA,55,F,497
PA,55,M,446
PA,56,F,540
PA,56,M,420
PA,57,F,574
PA,57,M,388
PA,58,F,513
PA,58,M,393
PA,59,F,502
PA,59,M,437
PA,60,F,764
PA,60,M,520
PA,61,F,780
PA,61,M,611
PA,62,F,777
PA,62,M,606
PA,63,F,733
PA,63,M,623
PA,64,F,787
PA,64,M,671
PA,65,F,698
PA,65,M,624
PA,66,F,787
PA,66,M,689
PA,67,F,733
PA,67,M,647
PA,68,F,653
PA,68,M,558
PA,69,F,669
PA,69,M,598
PA,70,F,587
PA,70,M,535
PA,71,F,618
PA,71,M,562
PA,72,F,561
PA,72,M,513
PA,73,F,499
PA,73,M,476
PA,74,F,482
PA,74,M,461
PA,75,F,431
PA,75,M,382
PA,76,F,403
PA,76,M,340
PA,77,F,341
PA,77,M,316
PA,78,F,262
PA,78,M,276
PA,79,F,265
PA,79,M,232
PA,80,F,254
PA,80,M,203
PA,81,F,188
PA,81,M,171
PA,82,F,186
PA,82,M,178
PA,83,F,158
PA,83,M,128
PA,84,F,143
PA,84,M,122
PA,85,F,122
PA,85,M,100
PA,86,F,99
PA,86,M,67
PA,87,F,71
PA,87,M,64
PA,88,F,72
PA,88,M,42
PA,89,F,54
PA,89,M,39
PA,90,F,39
PA,90,M,31
PA,91,F,33
PA,91,M,28
PA,92,F,33
PA,92,M,21
PA,93,F,33
PA,93,M,16
PA,94,F,20
PA,94,M,8
PA,95,F,22
PA,95,M,5
PA,96,F,12
PA,96,M,1
PA,97,F,9
PA,97,M,2
PA,98,F,6
PA,98,M,2
PA,99,F,4
PA,99,M,2
PA,100,F,4
PA,100,M,3
PA,101,F,1
PA,101,M,2
PA,102,F,2
PA,103,F,3
PA,104,F,1
PA,104,M,1
PA,106,F,1
PA,107,F,1
PA,107,M,2
PA,108,F,1
PA,112,F,1
PA,117,F,1
PB,0,F,12957
PB,0,I,22
PB,0,M,13700
PB,1,F,6513
PB,1,M,6860
PB,2,F,1155
PB,2,M,1201
PB,3,F,668
PB,3,M,692
PB,4,F,3454
PB,4,M,3588
PB,5,F,426
PB,5,M,452
PB,6,F,211
PB,6,M,172
PB,7,F,114
PB,7,M,100
PB,8,F,84
PB,8,M,104
PB,9,F,1644
PB,9,M,1273
PB,10,F,922
PB,10,M,909
PB,11,F,1630
PB,11,M,1525
PB,12,F,678
PB,12,M,771
PB,13,F,635
PB,13,M,635
PB,14,F,934
PB,14,M,835
PB,15,F,413
PB,15,M,293
PB,16,F,298
PB,16,M,164
PB,17,F,315
PB,17,M,110
PB,18,F,386
PB,18,M,178
PB,19,F,454
PB,19,M,173
PB,20,F,526
PB,20,M,188
PB,21,F,530
PB,21,M,208
PB,22,F,561
PB,22,M,209
PB,23,F,535
PB,23,M,200
PB,24,F,525
PB,24,M,210
PB,25,F,529
PB,25,M,213
PB,26,F,544
PB,26,M,233
PB,27,F,558
PB,27,M,226
PB,28,F,551
PB,28,M,230
PB,29,F,594
PB,29,M,205
PB,30,F,531
PB,30,M,212
PB,31,F,509
PB,31,M,211
PB,32,F,480
PB,32,M,205
PB,33,F,524
PB,33,M,195
PB,34,F,450
PB,34,M,219
PB,35,F,486
PB,35,M,215
PB,36,F,455
PB,36,M,204
PB,37,F,437
PB,37,M,197
PB,38,F,376
PB,38,M,230
PB,39,F,393
PB,39,M,235
PB,40,F,299
PB,40,M,203
PB,41,F,314
PB,41,M,226
PB,42,F,308
PB,42,M,206
PB,43,F,308
PB,43,M,201
PB,44,F,238
PB,44,M,207
PB,45,F,241
PB,45,M,209
PB,46,F,227
PB,46,M,187
PB,47,F,215
PB,47,M,190
PB,48,F,235
PB,48,M,178
PB,49,F,209
PB,49,M,155
PB,50,F,224
PB,50,M,175
PB,51,F,201
PB,51,M,168
PB,52,F,194
PB,52,M,165
PB,53,F,188
PB,53,M,141
PB,54,F,202
PB,54,M,153
PB,55,F,164
PB,55,M,175
PB,56,F,226
PB,56,M,160
PB,57,F,189
PB,57,M,182
PB,58,F,198
PB,58,M,150
PB,59,F,192
PB,59,M,148
PB,60,F,281
PB,60,M,238
PB,61,F,288
PB,61,M,212
PB,62,F,279
PB,62,M,226
PB,63,F,281
PB,63,M,215
PB,64,F,262
PB,64,M,225
PB,65,F,260
PB,65,M,218
PB,66,F,271
PB,66,M,201
PB,67,F,256
PB,67,M,190
PB,68,F,249
PB,68,M,208
PB,69,F,229
PB,69,M,187
PB,70,F,193
PB,70,M,167
PB,71,F,203
PB,71,M,169
PB,72,F,196
PB,72,M,186
PB,73,F,169
PB,73,M,140
PB,74,F,192
PB,74,M,146
PB,75,F,144
PB,75,M,121
PB,76,F,147
PB,76,M,114
PB,77,F,131
PB,77,M,110
PB,78,F,113
PB,78,M,71
PB,79,F,111
PB,79,M,90
PB,80,F,93
PB,80,M,78
PB,81,F,93
PB,81,M,68
PB,82,F,91
PB,82,M,68
PB,83,F,44
PB,83,M,56
PB,84,F,67
PB,84,M,60
PB,85,F,57
PB,85,M,42
PB,86,F,43
PB,86,M,36
PB,87,F,47
PB,87,M,19
PB,88,F,32
PB,88,M,25
PB,89,F,23
PB,89,M,18
PB,90,F,22
PB,90,M,18
PB,91,F,12
PB,91,M,10
PB,92,F,19
PB,92,M,9
PB,93,F,11
PB,93,M,5
PB,94,F,19
PB,94,M,6
PB,95,F,13
PB,95,M,3
PB,96,F,4
PB,96,M,6
PB,97,F,6
PB,97,M,1
PB,98,F,6
PB,98,M,2
PB,99,F,1
PB,99,M,3
PB,100,F,2
PB,101,F,1
PB,101,M,1
PB,102,F,2
PB,102,M,1
PB,104,F,3
PB,105,M,1
PB,108,M,1
PB,111,F,1
PE,0,F,28130
PE,0,I,1
PE,0,M,29795
PE,1,F,13769
PE,1,M,14719
PE,2,F,2764
PE,2,M,2917
PE,3,F,1587
PE,3,M,1687
PE,4,F,7649
PE,4,M,7728
PE,5,F,1100
PE,5,M,1183
PE,6,F,437
PE,6,M,512
PE,7,F,283
PE,7,M,285
PE,8,F,242
PE,8,M,243
PE,9,F,3809
PE,9,I,1
PE,9,M,2829
PE,10,F,2051
PE,10,M,2027
PE,11,F,4113
PE,11,M,4033
PE,12,F,1502
PE,12,M,1690
PE,13,F,1325
PE,13,M,1327
PE,14,F,2104
PE,14,M,1829
PE,15,F,1288
PE,15,I,1
PE,15,M,948
PE,16,F,772
PE,16,M,444
PE,17,F,772
PE,17,M,315
PE,18,F,931
PE,18,M,536
PE,19,F,1160
PE,19,M,470
PE,20,F,1114
PE,20,M,493
PE,21,F,1196
PE,21,M,448
PE,22,F,1283
PE,22,M,466
PE,23,F,1292
PE,23,M,492
PE,24,F,1340
PE,24,M,476
PE,25,F,1443
PE,25,M,513
PE,26,F,1315
PE,26,M,496
PE,27,F,1281
PE,27,M,493
PE,28,F,1290
PE,28,M,511
PE,29,F,1320
PE,29,M,512
PE,30,F,1193
PE,30,I,1
PE,30,M,538
PE,31,F,1231
PE,31,M,506
PE,32,F,1151
PE,32,M,514
PE,33,F,1038
PE,33,M,483
PE,34,F,969
PE,34,M,466
PE,35,F,1030
PE,35,M,503
PE,36,F,966
PE,36,M,535
PE,37,F,981
PE,37,M,538
PE,38,F,850
PE,38,M,480
PE,39,F,850
PE,39,M,523
PE,40,F,705
PE,40,M,440
PE,41,F,692
PE,41,M,491
PE,42,F,676
PE,42,M,447
PE,43,F,650
PE,43,M,486
PE,44,F,598
PE,44,M,455
PE,45,F,570
PE,45,M,448
PE,46,F,548
PE,46,M,462
PE,47,F,511
PE,47,M,409
PE,48,F,510
PE,48,M,409
PE,49,F,514
PE,49,M,403
PE,50,F,497
PE,50,M,388
PE,51,F,480
PE,51,M,377
PE,52,F,506
PE,52,M,370
PE,53,F,494
PE,53,M,362
PE,54,F,449
PE,54,M,326
PE,55,F,449
PE,55,M,336
PE,56,F,489
PE,56,M,304
PE,57,F,436
PE,57,M,327
PE,58,F,447
PE,58,M,325
PE,59,F,469
PE,59,M,369
PE,60,F,682
PE,60,M,444
PE,61,F,699
PE,61,M,440
PE,62,F,727
PE,62,M,477
PE,63,F,663
PE,63,M,466
PE,64,F,666
PE,64,M,436
PE,65,F,676
PE,65,M,420
PE,66,F,644
PE,66,M,409
PE,67,F,569
PE,67,M,412
PE,68,F,608
PE,68,M,407
PE,69,F,616
PE,69,M,394
PE,70,F,595
PE,70,M,389
PE,71,F,516
PE,71,M,338
PE,72,F,456
PE,72,M,341
PE,73,F,392
PE,73,M,267
PE,74,F,453
PE,74,M,291
PE,75,F,391
PE,75,M,211
PE,76,F,333
PE,76,M,247
PE,77,F,351
PE,77,M,226
PE,78,F,243
PE,78,M,168
PE,79,F,230
PE,79,M,163
PE,80,F,208
PE,80,M,142
PE,81,F,195
PE,81,M,124
PE,82,F,155
PE,82,M,109
PE,83,F,129
PE,83,M,91
PE,84,F,137
PE,84,M,94
PE,85,F,113
PE,85,M,94
PE,86,F,115
PE,86,M,59
PE,87,F,81
PE,87,M,48
PE,88,F,94
PE,88,M,44
PE,89,F,76
PE,89,M,32
PE,90,F,49
PE,90,M,28
PE,91,F,37
PE,91,M,15
PE,92,F,34
PE,92,M,11
PE,93,F,29
PE,93,M,12
PE,94,F,22
PE,94,M,8
PE,95,F,21
PE,95,M,6
PE,96,F,12
PE,96,M,10
PE,97,F,12
PE,97,M,1
PE,98,F,6
PE,98,M,1
PE,99,F,8
PE,99,M,7
PE,100,F,3
PE,100,M,3
PE,101,F,1
PE,102,F,5
PE,102,M,1
PE,103,F,1
PE,104,F,1
PE,105,F,2
PE,108,F,1
PE,113,F,1
PI,0,F,10813
PI,0,I,1
PI,0,M,11090
PI,1,F,4999
PI,1,M,5063
PI,2,F,669
PI,2,M,713
PI,3,F,429
PI,3,M,481
PI,4,F,2898
PI,4,M,3052
PI,5,F,367
PI,5,M,411
PI,6,F,142
PI,6,M,155
PI,7,F,67
PI,7,M,75
PI,8,F,62
PI,8,M,60
PI,9,F,1686
PI,9,M,1300
PI,10,F,1047
PI,10,M,1059
PI,11,F,2031
PI,11,M,1915
PI,12,F,872
PI,12,M,952
PI,13,F,799
PI,13,M,847
PI,14,F,1117
PI,14,M,1063
PI,15,F,437
PI,15,M,387
PI,16,F,273
PI,16,M,159
PI,17,F,293
PI,17,M,121
PI,18,F,338
PI,18,M,204
PI,19,F,392
PI,19,M,199
PI,20,F,412
PI,20,M,173
PI,21,F,493
PI,21,M,168
PI,22,F,458
PI,22,M,207
PI,23,F,524
PI,23,M,193
PI,24,F,485
PI,24,M,213
PI,25,F,530
PI,25,M,224
PI,26,F,574
PI,26,M,240
PI,27,F,537
PI,27,M,228
PI,28,F,611
PI,28,M,211
PI,29,F,575
PI,29,M,238
PI,30,F,500
PI,30,M,217
PI,31,F,481
PI,31,M,180
PI,32,F,466
PI,32,M,193
PI,33,F,459
PI,33,M,215
PI,34,F,476
PI,34,M,189
PI,35,F,512
PI,35,M,225
PI,36,F,467
PI,36,M,198
PI,37,F,431
PI,37,M,204
PI,38,F,436
PI,38,M,270
PI,39,F,469
PI,39,M,214
PI,40,F,363
PI,40,M,227
PI,41,F,355
PI,41,M,199
PI,42,F,356
PI,42,M,215
PI,43,F,311
PI,43,M,173
PI,44,F,325
PI,44,M,194
PI,45,F,340
PI,45,M,209
PI,46,F,282
PI,46,M,180
PI,47,F,264
PI,47,M,164
PI,48,F,247
PI,48,M,181
PI,49,F,273
PI,49,M,136
PI,50,F,226
PI,50,M,134
PI,51,F,213
PI,51,M,116
PI,52,F,243
PI,52,M,143
PI,53,F,205
PI,53,M,130
PI,54,F,207
PI,54,M,116
PI,55,F,197
PI,55,M,139
PI,56,F,196
PI,56,M,117
PI,57,F,171
PI,57,M,116
PI,58,F,188
PI,58,M,101
PI,59,F,195
PI,59,M,131
PI,60,F,188
PI,60,M,117
PI,61,F,210
PI,61,M,116
PI,62,F,181
PI,62,M,108
PI,63,F,175
PI,63,M,99
PI,64,F,150
PI,64,M,88
PI,65,F,139
PI,65,M,103
PI,66,F,131
PI,66,M,122
PI,67,F,145
PI,67,M,97
PI,68,F,118
PI,68,M,97
PI,69,F,125
PI,69,M,100
PI,70,F,116
PI,70,M,96
PI,71,F,98
PI,71,M,77
PI,72,F,82
PI,72,M,80
PI,73,F,104
PI,73,M,65
PI,74,F,95
PI,74,M,74
PI,75,F,71
PI,75,M,56
PI,76,F,59
PI,76,M,58
PI,77,F,73
PI,77,M,45
PI,78,F,35
PI,78,M,38
PI,79,F,42
PI,79,M,45
PI,80,F,38
PI,80,M,42
PI,81,F,32
PI,81,M,32
PI,82,F,28
PI,82,M,29
PI,83,F,23
PI,83,M,26
PI,84,F,29
PI,84,M,22
PI,85,F,23
PI,85,M,14
PI,86,F,11
PI,86,M,15
PI,87,F,13
PI,87,M,6
PI,88,F,14
PI,88,M,9
PI,89,F,11
PI,89,M,3
PI,90,F,7
PI,90,M,7
PI,91,F,4
PI,91,M,2
PI,92,F,9
PI,92,M,1
PI,93,F,3
PI,93,M,3
PI,94,F,5
PI,94,M,3
PI,95,F,2
PI,95,M,2
PI,96,F,4
PI,100,F,1
PI,125,F,1
PR,0,F,39217
PR,0,M,40875
PR,1,F,16380
PR,1,M,17345
PR,2,F,2800
PR,2,M,2903
PR,3,F,1956
PR,3,M,2015
PR,4,F,8693
PR,4,M,9122
PR,5,F,823
PR,5,M,919
PR,6,F,452
PR,6,M,514
PR,7,F,284
PR,7,M,295
PR,8,F,247
PR,8,M,242
PR,9,F,4972
PR,9,M,4314
PR,10,F,3140
PR,10,M,3695
PR,11,F,9548
PR,11,M,9952
PR,12,F,2562
PR,12,M,2749
PR,13,F,2030
PR,13,I,1
PR,13,M,2154
PR,14,F,5750
PR,14,M,5862
PR,15,F,2163
PR,15,M,2216
PR,16,F,1181
PR,16,M,1054
PR,17,F,859
PR,17,M,593
PR,18,F,911
PR,18,M,539
PR,19,F,1039
PR,19,M,434
PR,20,F,1135
PR,20,M,470
PR,21,F,1240
PR,21,M,489
PR,22,F,1384
PR,22,M,573
PR,23,F,1579
PR,23,M,573
PR,24,F,1617
PR,24,M,690
PR,25,F,1810
PR,25,M,790
PR,26,F,1777
PR,26,M,729
PR,27,F,1749
PR,27,M,743
PR,28,F,1784
PR,28,M,763
PR,29,F,1671
PR,29,M,800
PR,30,F,1569
PR,30,M,759
PR,31,F,1478
PR,31,M,742
PR,32,F,1395
PR,32,M,735
PR,33,F,1406
PR,33,M,748
PR,34,F,1325
PR,34,M,674
PR,35,F,1258
PR,35,M,745
PR,36,F,1123
PR,36,M,715
PR,37,F,1115
PR,37,M,692
PR,38,F,1093
PR,38,M,685
PR,39,F,1002
PR,39,M,685
PR,40,F,934
PR,40,M,692
PR,41,F,866
PR,41,M,717
PR,42,F,954
PR,42,M,713
PR,43,F,885
PR,43,M,701
PR,44,F,815
PR,44,M,651
PR,45,F,751
PR,45,M,636
PR,46,F,744
PR,46,M,654
PR,47,F,757
PR,47,M,594
PR,48,F,706
PR,48,M,601
PR,49,F,691
PR,49,M,566
PR,50,F,669
PR,50,M,617
PR,51,F,712
PR,51,M,554
PR,52,F,678
PR,52,M,592
PR,53,F,743
PR,53,M,599
PR,54,F,699
PR,54,M,579
PR,55,F,716
PR,55,M,570
PR,56,F,685
PR,56,M,534
PR,57,F,694
PR,57,M,551
PR,58,F,719
PR,58,M,579
PR,59,F,725
PR,59,M,586
PR,60,F,836
PR,60,M,646
PR,61,F,877
PR,61,M,676
PR,62,F,864
PR,62,M,668
PR,63,F,830
PR,63,M,622
PR,64,F,790
PR,64,M,666
PR,65,F,809
PR,65,M,704
PR,66,F,762
PR,66,M,640
PR,67,F,785
PR,67,M,677
PR,68,F,718
PR,68,M,624
PR,69,F,724
PR,69,M,579
PR,70,F,645
PR,70,M,621
PR,71,F,686
PR,71,M,574
PR,72,F,628
PR,72,M,561
PR,73,F,554
PR,73,M,506
PR,74,F,501
PR,74,M,476
PR,75,F,495
PR,75,M,433
PR,76,F,455
PR,76,M,390
PR,77,F,410
PR,77,M,341
PR,78,F,339
PR,78,M,292
PR,79,F,325
PR,79,M,281
PR,80,F,282
PR,80,M,243
PR,81,F,263
PR,81,M,209
PR,82,F,237
PR,82,M,196
PR,83,F,189
PR,83,M,140
PR,84,F,212
PR,84,M,124
PR,85,F,162
PR,85,M,132
PR,86,F,143
PR,86,M,123
PR,87,F,107
PR,87,M,98
PR,88,F,112
PR,88,M,88
PR,89,F,110
PR,89,M,44
PR,90,F,79
PR,90,M,47
PR,91,F,55
PR,91,M,29
PR,92,F,51
PR,92,M,24
PR,93,F,42
PR,93,M,16
PR,94,F,30
PR,94,M,14
PR,95,F,21
PR,95,M,11
PR,96,F,15
PR,96,M,11
PR,97,F,13
PR,97,M,6
PR,98,F,4
PR,98,M,6
PR,99,F,5
PR,100,F,4
PR,100,M,3
PR,101,F,3
PR,102,F,3
PR,103,M,1
PR,104,F,2
PR,105,F,2
PR,107,M,1
PR,125,F,2
RJ,0,F,39926
RJ,0,I,2
RJ,0,M,42360
RJ,1,F,17805
RJ,1,I,3
RJ,1,M,18361
RJ,2,F,3585
RJ,2,M,3785
RJ,3,F,1838
RJ,3,M,1826
RJ,4,F,10909
RJ,4,I,1
RJ,4,M,11379
RJ,5,F,3103
RJ,5,M,3098
RJ,6,F,1185
RJ,6,M,1278
RJ,7,F,700
RJ,7,M,677
RJ,8,F,518
RJ,8,M,539
RJ,9,F,6179
RJ,9,M,4185
RJ,10,F,6256
RJ,10,M,6147
RJ,11,F,7502
RJ,11,I,1
RJ,11,M,7622
RJ,12,F,4319
RJ,12,M,4639
RJ,13,F,3958
RJ,13,M,4322
RJ,14,F,4612
RJ,14,M,4680
RJ,15,F,2205
RJ,15,M,1983
RJ,16,F,1556
RJ,16,M,1231
RJ,17,F,1120
RJ,17,M,579
RJ,18,F,1279
RJ,18,I,2
RJ,18,M,707
RJ,19,F,1463
RJ,19,M,679
RJ,20,F,1591
RJ,20,M,669
RJ,21,F,1663
RJ,21,M,672
RJ,22,F,1644
RJ,22,M,723
RJ,23,F,1847
RJ,23,M,786
RJ,24,F,1949
RJ,24,M,846
RJ,25,F,2185
RJ,25,M,946
RJ,26,F,2059
RJ,26,M,939
RJ,27,F,2110
RJ,27,M,959
RJ,28,F,1968
RJ,28,M,960
RJ,29,F,2005
RJ,29,M,1014
RJ,30,F,2068
RJ,30,M,1003
RJ,31,F,1980
RJ,31,M,1005
RJ,32,F,1799
RJ,32,M,1002
RJ,33,F,1852
RJ,33,M,1001
RJ,34,F,1788
RJ,34,M,911
RJ,35,F,1894
RJ,35,M,987
RJ,36,F,1877
RJ,36,M,972
RJ,37,F,1653
RJ,37,M,867
RJ,38,F,1623
RJ,38,M,938
RJ,39,F,1618
RJ,39,M,943
RJ,40,F,1553
RJ,40,M,924
RJ,41,F,1535
RJ,41,M,926
RJ,42,F,1460
RJ,42,M,988
RJ,43,F,1485
RJ,43,M,1000
RJ,44,F,1414
RJ,44,M,928
RJ,45,F,1330
RJ,45,M,906
RJ,46,F,1255
RJ,46,M,851
RJ,47,F,1162
RJ,47,M,851
RJ,48,F,1158
RJ,48,M,762
RJ,49,F,1072
RJ,49,M,719
RJ,50,F,1097
RJ,50,M,762
RJ,51,F,1046
RJ,51,M,708
RJ,52,F,1055
RJ,52,M,732
RJ,53,F,993
RJ,53,M,698
RJ,54,F,1021
RJ,54,M,675
RJ,55,F,978
RJ,55,M,681
RJ,56,F,936
RJ,56,M,649
RJ,57,F,909
RJ,57,M,638
RJ,58,F,902
RJ,58,M,668
RJ,59,F,966
RJ,59,M,670
RJ,60,F,1065
RJ,60,M,717
RJ,61,F,1004
RJ,61,M,696
RJ,62,F,929
RJ,62,M,721
RJ,63,F,946
RJ,63,M,706
RJ,64,F,943
RJ,64,M,701
RJ,65,F,971
RJ,65,M,641
RJ,66,F,918
RJ,66,M,623
RJ,67,F,870
RJ,67,M,643
RJ,68,F,789
RJ,68,M,534
RJ,69,F,815
RJ,69,M,565
RJ,70,F,749
RJ,70,M,522
RJ,71,F,660
RJ,71,M,462
RJ,72,F,640
RJ,72,M,464
RJ,73,F,622
RJ,73,M,406
RJ,74,F,588
RJ,74,M,364
RJ,75,F,508
RJ,75,M,350
RJ,76,F,448
RJ,76,M,335
RJ,77,F,412
RJ,77,M,269
RJ,78,F,367
RJ,78,M,268
RJ,79,F,290
RJ,79,M,195
RJ,80,F,248
RJ,80,M,192
RJ,81,F,248
RJ,81,M,177
RJ,82,F,220
RJ,82,M,148
RJ,83,F,201
RJ,83,M,148
RJ,84,F,175
RJ,84,M,142
RJ,85,F,173
RJ,85,M,123
RJ,86,F,135
RJ,86,M,88
RJ,87,F,123
RJ,87,M,80
RJ,88,F,109
RJ,88,M,59
RJ,89,F,99
RJ,89,M,53
RJ,90,F,93
RJ,90,M,39
RJ,91,F,56
RJ,91,M,23
RJ,92,F,61
RJ,92,M,28
RJ,93,F,34
RJ,93,M,17
RJ,94,F,27
RJ,94,M,16
RJ,95,F,32
RJ,95,M,6
RJ,96,F,23
RJ,96,M,7
RJ,97,F,13
RJ,97,M,2
RJ,98,F,9
RJ,98,M,5
RJ,99,F,7
RJ,99,M,3
RJ,100,F,5
RJ,100,M,2
RJ,101,F,5
RJ,101,M,1
RJ,102,M,1
RJ,103,F,1
RJ,104,F,1
RJ,104,M,1
RJ,114,M,1
RJ,124,F,1
RJ,125,F,1
RN,0,F,9346
RN,0,M,10008
RN,1,F,4511
RN,1,M,4820
RN,2,F,857
RN,2,M,867
RN,3,F,526
RN,3,M,526
RN,4,F,2537
RN,4,M,2642
RN,5,F,460
RN,5,M,472
RN,6,F,258
RN,6,M,266
RN,7,F,142
RN,7,M,168
RN,8,F,131
RN,8,M,140
RN,9,F,1449
RN,9,M,1043
RN,10,F,851
RN,10,M,882
RN,11,F,1377
RN,11,M,1365
RN,12,F,655
RN,12,M,684
RN,13,F,566
RN,13,M,612
RN,14,F,800
RN,14,M,715
RN,15,F,633
RN,15,M,497
RN,16,F,412
RN,16,M,279
RN,17,F,335
RN,17,M,151
RN,18,F,391
RN,18,M,355
RN,19,F,404
RN,19,M,268
RN,20,F,434
RN,20,M,202
RN,21,F,458
RN,21,M,208
RN,22,F,503
RN,22,M,196
RN,23,F,538
RN,23,M,234
RN,24,F,464
RN,24,M,219
RN,25,F,512
RN,25,M,265
RN,26,F,514
RN,26,M,269
RN,27,F,506
RN,27,M,257
RN,28,F,484
RN,28,M,234
RN,29,F,524
RN,29,M,267
RN,30,F,523
RN,30,M,250
RN,31,F,515
RN,31,M,203
RN,32,F,436
RN,32,M,224
RN,33,F,410
RN,33,M,207
RN,34,F,425
RN,34,M,227
RN,35,F,408
RN,35,M,225
RN,36,F,463
RN,36,M,226
RN,37,F,425
RN,37,M,265
RN,38,F,381
RN,38,M,279
RN,39,F,392
RN,39,M,234
RN,40,F,315
RN,40,M,218
RN,41,F,354
RN,41,M,241
RN,42,F,315
RN,42,M,229
RN,43,F,320
RN,43,M,238
RN,44,F,301
RN,44,M,181
RN,45,F,273
RN,45,M,200
RN,46,F,240
RN,46,M,190
RN,47,F,224
RN,47,M,195
RN,48,F,253
RN,48,M,177
RN,49,F,241
RN,49,M,145
RN,50,F,233
RN,50,M,173
RN,51,F,238
RN,51,M,165
RN,52,F,228
RN,52,M,163
RN,53,F,195
RN,53,M,143
RN,54,F,215
RN,54,M,171
RN,55,F,238
RN,55,M,162
RN,56,F,225
RN,56,M,192
RN,57,F,269
RN,57,M,181
RN,58,F,238
RN,58,M,164
RN,59,F,227
RN,59,M,157
RN,60,F,263
RN,60,M,209
RN,61,F,239
RN,61,M,195
RN,62,F,261
RN,62,M,179
RN,63,F,229
RN,63,M,182
RN,64,F,271
RN,64,M,188
RN,65,F,222
RN,65,M,197
RN,66,F,219
RN,66,M,190
RN,67,F,221
RN,67,M,176
RN,68,F,249
RN,68,M,179
RN,69,F,221
RN,69,M,149
RN,70,F,168
RN,70,M,166
RN,71,F,197
RN,71,M,140
RN,72,F,158
RN,72,M,110
RN,73,F,151
RN,73,M,112
RN,74,F,151
RN,74,M,133
RN,75,F,140
RN,75,M,101
RN,76,F,124
RN,76,M,106
RN,77,F,101
RN,77,M,94
RN,78,F,91
RN,78,M,75
RN,79,F,76
RN,79,M,77
RN,80,F,63
RN,80,M,49
RN,81,F,66
RN,81,M,51
RN,82,F,57
RN,82,M,45
RN,83,F,45
RN,83,M,30
RN,84,F,54
RN,84,M,47
RN,85,F,43
RN,85,M,33
RN,86,F,27
RN,86,M,24
RN,87,F,24
RN,87,M,13
RN,88,F,31
RN,88,M,15
RN,89,F,20
RN,89,M,14
RN,90,F,17
RN,90,M,15
RN,91,F,10
RN,91,M,5
RN,92,F,9
RN,92,M,7
RN,93,F,10
RN,93,M,2
RN,94,F,6
RN,94,M,1
RN,95,F,5
RN,95,M,1
RN,96,F,2
RN,97,F,4
RN,97,M,2
RN,98,F,2
RN,98,M,5
RN,99,M,1
RN,101,F,1
RN,103,F,2
RN,105,F,1
RN,111,F,1
RO,0,F,5698
RO,0,M,6019
RO,1,F,2323
RO,1,M,2462
RO,2,F,443
RO,2,M,439
RO,3,F,355
RO,3,M,398
RO,4,F,1879
RO,4,M,1844
RO,5,F,321
RO,5,M,363
RO,6,F,129
RO,6,M,168
RO,7,F,105
RO,7,M,97
RO,8,F,76
RO,8,M,86
RO,9,F,1117
RO,9,M,983
RO,10,F,557
RO,10,M,613
RO,11,F,1100
RO,11,M,1124
RO,12,F,412
RO,12,M,460
RO,13,F,456
RO,13,M,433
RO,14,F,564
RO,14,M,558
RO,15,F,285
RO,15,M,238
RO,16,F,245
RO,16,M,165
RO,17,F,212
RO,17,M,141
RO,18,F,273
RO,18,M,180
RO,19,F,318
RO,19,M,172
RO,20,F,318
RO,20,M,131
RO,21,F,366
RO,21,M,147
RO,22,F,343
RO,22,M,140
RO,23,F,365
RO,23,M,135
RO,24,F,335
RO,24,M,152
RO,25,F,330
RO,25,M,156
RO,26,F,354
RO,26,M,172
RO,27,F,335
RO,27,M,160
RO,28,F,329
RO,28,M,171
RO,29,F,339
RO,29,M,144
RO,30,F,343
RO,30,M,148
RO,31,F,361
RO,31,M,159
RO,32,F,284
RO,32,M,156
RO,33,F,276
RO,33,M,154
RO,34,F,275
RO,34,M,144
RO,35,F,267
RO,35,M,130
RO,36,F,285
RO,36,M,150
RO,37,F,263
RO,37,M,145
RO,38,F,220
RO,38,M,165
RO,39,F,233
RO,39,M,126
RO,40,F,207
RO,40,M,133
RO,41,F,184
RO,41,M,164
RO,42,F,246
RO,42,M,142
RO,43,F,202
RO,43,M,167
RO,44,F,194
RO,44,M,147
RO,45,F,189
RO,45,M,144
RO,46,F,176
RO,46,M,130
RO,47,F,176
RO,47,M,113
RO,48,F,189
RO,48,M,135
RO,49,F,196
RO,49,M,117
RO,50,F,183
RO,50,M,116
RO,51,F,165
RO,51,M,110
RO,52,F,149
RO,52,M,113
RO,53,F,214
RO,53,M,126
RO,54,F,176
RO,54,M,135
RO,55,F,161
RO,55,M,139
RO,56,F,184
RO,56,M,116
RO,57,F,168
RO,57,M,135
RO,58,F,174
RO,58,M,124
RO,59,F,177
RO,59,M,169
RO,60,F,210
RO,60,M,179
RO,61,F,203
RO,61,M,204
RO,62,F,199
RO,62,M,201
RO,63,F,197
RO,63,M,165
RO,64,F,194
RO,64,M,196
RO,65,F,175
RO,65,M,199
RO,66,F,144
RO,66,M,171
RO,67,F,180
RO,67,M,166
RO,68,F,160
RO,68,M,179
RO,69,F,126
RO,69,M,193
RO,70,F,155
RO,70,M,141
RO,71,F,121
RO,71,M,149
RO,72,F,134
RO,72,M,148
RO,73,F,112
RO,73,M,118
RO,74,F,97
RO,74,M,108
RO,75,F,73
RO,75,M,104
RO,76,F,81
RO,76,M,97
RO,77,F,61
RO,77,M,78
RO,78,F,70
RO,78,M,76
RO,79,F,42
RO,79,M,73
RO,80,F,42
RO,80,M,50
RO,81,F,48
RO,81,M,56
RO,82,F,32
RO,82,M,45
RO,83,F,21
RO,83,M,41
RO,84,F,25
RO,84,M,38
RO,85,F,20
RO,85,M,29
RO,86,F,19
RO,86,M,19
RO,87,F,14
RO,87,M,15
RO,88,F,7
RO,88,M,10
RO,89,F,15
RO,89,M,13
RO,90,F,9
RO,90,M,9
RO,91,F,3
RO,91,M,6
RO,92,F,6
RO,92,M,3
RO,93,F,4
RO,93,M,3
RO,94,F,1
RO,94,M,3
RO,95,M,3
RO,96,F,2
RO,97,F,1
RO,97,M,1
RO,99,M,1
RO,103,M,1
RR,0,F,2512
RR,0,M,2688
RR,1,F,1156
RR,1,M,1243
RR,2,F,364
RR,2,M,370
RR,3,F,282
RR,3,M,331
RR,4,F,908
RR,4,M,998
RR,5,F,302
RR,5,M,355
RR,6,F,252
RR,6,M,236
RR,7,F,189
RR,7,M,213
RR,8,F,205
RR,8,M,232
RR,9,F,537
RR,9,M,500
RR,10,F,461
RR,10,M,415
RR,11,F,762
RR,11,M,749
RR,12,F,380
RR,12,M,384
RR,13,F,335
RR,13,M,306
RR,14,F,400
RR,14,M,389
RR,15,F,313
RR,15,M,287
RR,16,F,252
RR,16,M,207
RR,17,F,203
RR,17,M,157
RR,18,F,228
RR,18,M,228
RR,19,F,232
RR,19,M,225
RR,20,F,182
RR,20,M,152
RR,21,F,234
RR,21,M,186
RR,22,F,253
RR,22,M,180
RR,23,F,257
RR,23,M,173
RR,24,F,255
RR,24,M,189
RR,25,F,226
RR,25,M,189
RR,26,F,221
RR,26,M,186
RR,27,F,201
RR,27,M,163
RR,28,F,193
RR,28,M,156
RR,29,F,221
RR,29,M,158
RR,30,F,186
RR,30,M,167
RR,31,F,163
RR,31,M,153
RR,32,F,165
RR,32,M,125
RR,33,F,162
RR,33,M,137
RR,34,F,161
RR,34,M,118
RR,35,F,185
RR,35,M,118
RR,36,F,158
RR,36,M,115
RR,37,F,141
RR,37,M,105
RR,38,F,147
RR,38,M,114
RR,39,F,127
RR,39,M,97
RR,40,F,109
RR,40,M,124
RR,41,F,123
RR,41,M,109
RR,42,F,116
RR,42,M,101
RR,43,F,116
RR,43,M,96
RR,44,F,88
RR,44,M,98
RR,45,F,107
RR,45,M,83
RR,46,F,89
RR,46,M,93
RR,47,F,80
RR,47,M,69
RR,48,F,79
RR,48,M,79
RR,49,F,73
RR,49,M,83
RR,50,F,66
RR,50,M,66
RR,51,F,59
RR,51,M,64
RR,52,F,54
RR,52,M,64
RR,53,F,61
RR,53,M,58
RR,54,F,68
RR,54,M,57
RR,55,F,48
RR,55,M,60
RR,56,F,58
RR,56,M,63
RR,57,F,50
RR,57,M,40
RR,58,F,39
RR,58,M,45
RR,59,F,45
RR,59,M,43
RR,60,F,45
RR,60,M,38
RR,61,F,36
RR,61,M,36
RR,62,F,26
RR,62,M,31
RR,63,F,27
RR,63,M,26
RR,64,F,35
RR,64,M,26
RR,65,F,29
RR,65,M,38
RR,66,F,24
RR,66,M,26
RR,67,F,23
RR,67,M,30
RR,68,F,26
RR,68,M,35
RR,69,F,14
RR,69,M,33
RR,70,F,18
RR,70,M,31
RR,71,F,13
RR,71,M,33
RR,72,F,15
RR,72,M,27
RR,73,F,14
RR,73,M,16
RR,74,F,18
RR,74,M,12
RR,75,F,11
RR,75,M,19
RR,76,F,7
RR,76,M,12
RR,77,F,8
RR,77,M,15
RR,78,F,7
RR,78,M,9
RR,79,F,5
RR,79,M,10
RR,80,F,2
RR,80,M,7
RR,81,F,2
RR,81,M,3
RR,82,F,3
RR,82,M,7
RR,83,F,4
RR,83,M,2
RR,84,F,2
RR,84,M,5
RR,85,F,3
RR,85,M,2
RR,86,F,2
RR,86,M,2
RR,87,F,3
RR,88,F,3
RR,89,M,1
RR,90,M,1
RR,91,M,1
RR,92,M,1
RS,0,F,30805
RS,0,I,2
RS,0,M,32020
RS,1,F,13551
RS,1,I,1
RS,1,M,14336
RS,2,F,2000
RS,2,M,2107
RS,3,F,1166
RS,3,M,1212
RS,4,F,7807
RS,4,M,7976
RS,5,F,1118
RS,5,M,1167
RS,6,F,630
RS,6,M,605
RS,7,F,256
RS,7,M,276
RS,8,F,198
RS,8,M,214
RS,9,F,3830
RS,9,M,2903
RS,10,F,1745
RS,10,M,1768
RS,11,F,3820
RS,11,M,3755
RS,12,F,1344
RS,12,M,1530
RS,13,F,1196
RS,13,M,1247
RS,14,F,2387
RS,14,M,2106
RS,15,F,1617
RS,15,M,1463
RS,16,F,724
RS,16,M,571
RS,17,F,579
RS,17,M,375
RS,18,F,853
RS,18,M,587
RS,19,F,998
RS,19,M,538
RS,20,F,1221
RS,20,M,533
RS,21,F,1153
RS,21,M,496
RS,22,F,1248
RS,22,M,567
RS,23,F,1333
RS,23,M,657
RS,24,F,1479
RS,24,M,668
RS,25,F,1575
RS,25,M,743
RS,26,F,1439
RS,26,M,730
RS,27,F,1400
RS,27,I,1
RS,27,M,708
RS,28,F,1416
RS,28,M,696
RS,29,F,1407
RS,29,M,724
RS,30,F,1469
RS,30,M,805
RS,31,F,1363
RS,31,M,686
RS,32,F,1298
RS,32,M,691
RS,33,F,1308
RS,33,M,717
RS,34,F,1276
RS,34,M,696
RS,35,F,1263
RS,35,M,701
RS,36,F,1195
RS,36,M,705
RS,37,F,1134
RS,37,M,725
RS,38,F,1041
RS,38,M,713
RS,39,F,1045
RS,39,M,701
RS,40,F,888
RS,40,M,656
RS,41,F,962
RS,41,M,717
RS,42,F,949
RS,42,M,749
RS,43,F,924
RS,43,M,738
RS,44,F,844
RS,44,M,638
RS,45,F,828
RS,45,M,654
RS,46,F,773
RS,46,M,627
RS,47,F,748
RS,47,M,602
RS,48,F,693
RS,48,M,596
RS,49,F,629
RS,49,M,549
RS,50,F,732
RS,50,M,511
RS,51,F,669
RS,51,M,536
RS,52,F,711
RS,52,M,507
RS,53,F,736
RS,53,M,548
RS,54,F,673
RS,54,M,481
RS,55,F,663
RS,55,M,547
RS,56,F,674
RS,56,M,560
RS,57,F,678
RS,57,M,576
RS,58,F,678
RS,58,M,565
RS,59,F,719
RS,59,M,571
RS,60,F,884
RS,60,M,682
RS,61,F,937
RS,61,M,732
RS,62,F,929
RS,62,M,761
RS,63,F,946
RS,63,M,718
RS,64,F,946
RS,64,M,734
RS,65,F,950
RS,65,M,742
RS,66,F,934
RS,66,M,706
RS,67,F,945
RS,67,M,726
RS,68,F,894
RS,68,M,679
RS,69,F,928
RS,69,M,719
RS,70,F,856
RS,70,M,711
RS,71,F,714
RS,71,M,632
RS,72,F,772
RS,72,M,602
RS,73,F,711
RS,73,M,561
RS,74,F,629
RS,74,M,595
RS,75,F,625
RS,75,M,497
RS,76,F,601
RS,76,M,452
RS,77,F,493
RS,77,M,425
RS,78,F,475
RS,78,M,351
RS,79,F,414
RS,79,M,338
RS,80,F,420
RS,80,M,307
RS,81,F,424
RS,81,M,276
RS,82,F,329
RS,82,M,235
RS,83,F,341
RS,83,M,182
RS,84,F,309
RS,84,M,176
RS,85,F,283
RS,85,M,167
RS,86,F,307
RS,86,M,144
RS,87,F,216
RS,87,M,117
RS,88,F,229
RS,88,M,103
RS,89,F,200
RS,89,M,75
RS,90,F,176
RS,90,M,67
RS,91,F,148
RS,91,M,45
RS,92,F,124
RS,92,M,36
RS,93,F,110
RS,93,M,24
RS,94,F,84
RS,94,M,20
RS,95,F,73
RS,95,M,8
RS,96,F,48
RS,96,M,10
RS,97,F,23
RS,97,M,8
RS,98,F,29
RS,98,M,7
RS,99,F,22
RS,99,M,4
RS,100,F,7
RS,100,M,4
RS,101,F,11
RS,101,M,2
RS,102,F,3
RS,103,F,2
RS,103,M,1
RS,104,F,3
RS,105,F,2
RS,106,F,2
RS,107,F,1
RS,108,F,2
RS,125,F,2
SC,0,F,26108
SC,0,M,27540
SC,1,F,10970
SC,1,M,11569
SC,2,F,1674
SC,2,M,1711
SC,3,F,940
SC,3,M,1038
SC,4,F,5823
SC,4,M,6169
SC,5,F,823
SC,5,M,845
SC,6,F,350
SC,6,M,341
SC,7,F,201
SC,7,M,207
SC,8,F,164
SC,8,M,176
SC,9,F,3059
SC,9,M,2517
SC,10,F,1674
SC,10,M,1662
SC,11,F,2895
SC,11,M,2877
SC,12,F,1096
SC,12,M,1250
SC,13,F,961
SC,13,M,1086
SC,14,F,2319
SC,14,M,2192
SC,15,F,1038
SC,15,M,842
SC,16,F,485
SC,16,M,370
SC,17,F,595
SC,17,M,293
SC,18,F,881
SC,18,M,530
SC,19,F,834
SC,19,M,396
SC,20,F,856
SC,20,M,411
SC,21,F,964
SC,21,M,396
SC,22,F,1004
SC,22,M,473
SC,23,F,1120
SC,23,M,554
SC,24,F,1286
SC,24,M,689
SC,25,F,1392
SC,25,M,752
SC,26,F,1296
SC,26,I,1
SC,26,M,655
SC,27,F,1311
SC,27,M,685
SC,28,F,1208
SC,28,M,727
SC,29,F,1295
SC,29,M,664
SC,30,F,1291
SC,30,M,698
SC,31,F,1233
SC,31,M,658
SC,32,F,1123
SC,32,M,628
SC,33,F,1030
SC,33,M,636
SC,34,F,997
SC,34,M,645
SC,35,F,1088
SC,35,M,623
SC,36,F,1014
SC,36,M,633
SC,37,F,959
SC,37,M,622
SC,38,F,869
SC,38,M,573
SC,39,F,790
SC,39,M,563
SC,40,F,787
SC,40,M,590
SC,41,F,712
SC,41,M,591
SC,42,F,729
SC,42,M,631
SC,43,F,652
SC,43,M,576
SC,44,F,625
SC,44,M,524
SC,45,F,646
SC,45,M,548
SC,46,F,583
SC,46,M,497
SC,47,F,554
SC,47,M,455
SC,48,F,528
SC,48,M,431
SC,49,F,530
SC,49,M,420
SC,50,F,521
SC,50,M,401
SC,51,F,528
SC,51,M,410
SC,52,F,509
SC,52,M,421
SC,53,F,480
SC,53,M,371
SC,54,F,440
SC,54,M,398
SC,55,F,487
SC,55,M,380
SC,56,F,466
SC,56,M,342
SC,57,F,432
SC,57,M,387
SC,58,F,478
SC,58,M,437
SC,59,F,432
SC,59,M,419
SC,60,F,510
SC,60,M,405
SC,61,F,444
SC,61,M,408
SC,62,F,490
SC,62,M,440
SC,63,F,435
SC,63,M,404
SC,64,F,429
SC,64,M,373
SC,65,F,439
SC,65,M,378
SC,66,F,416
SC,66,M,363
SC,67,F,403
SC,67,M,389
SC,68,F,394
SC,68,M,341
SC,69,F,338
SC,69,M,321
SC,70,F,362
SC,70,M,331
SC,71,F,322
SC,71,M,287
SC,72,F,299
SC,72,M,277
SC,73,F,287
SC,73,M,253
SC,74,F,232
SC,74,M,230
SC,75,F,230
SC,75,M,211
SC,76,F,219
SC,76,M,198
SC,77,F,170
SC,77,M,179
SC,78,F,159
SC,78,M,128
SC,79,F,132
SC,79,M,104
SC,80,F,138
SC,80,M,82
SC,81,F,117
SC,81,M,98
SC,82,F,103
SC,82,M,81
SC,83,F,75
SC,83,M,60
SC,84,F,65
SC,84,M,38
SC,85,F,60
SC,85,M,43
SC,86,F,60
SC,86,M,44
SC,87,F,45
SC,87,M,28
SC,88,F,37
SC,88,M,17
SC,89,F,38
SC,89,M,26
SC,90,F,24
SC,90,M,13
SC,91,F,20
SC,91,M,12
SC,92,F,22
SC,92,M,2
SC,93,F,9
SC,93,M,7
SC,94,F,7
SC,94,M,1
SC,95,F,4
SC,95,M,6
SC,96,F,5
SC,96,M,6
SC,97,F,1
SC,98,F,3
SC,99,F,3
SC,100,F,2
SC,101,F,1
SC,102,M,1
SC,105,F,1
SC,106,M,1
SC,114,M,1
SE,0,F,7265
SE,0,M,7689
SE,1,F,3046
SE,1,M,3242
SE,2,F,461
SE,2,M,501
SE,3,F,381
SE,3,M,380
SE,4,F,2261
SE,4,M,2385
SE,5,F,362
SE,5,M,376
SE,6,F,221
SE,6,M,252
SE,7,F,183
SE,7,M,186
SE,8,F,211
SE,8,M,207
SE,9,F,1484
SE,9,M,1317
SE,10,F,955
SE,10,M,993
SE,11,F,1729
SE,11,M,1708
SE,12,F,787
SE,12,M,850
SE,13,F,605
SE,13,M,629
SE,14,F,1077
SE,14,M,1011
SE,15,F,559
SE,15,M,466
SE,16,F,377
SE,16,M,262
SE,17,F,310
SE,17,M,194
SE,18,F,325
SE,18,M,185
SE,19,F,356
SE,19,M,140
SE,20,F,340
SE,20,M,139
SE,21,F,351
SE,21,M,146
SE,22,F,398
SE,22,M,128
SE,23,F,403
SE,23,M,139
SE,24,F,431
SE,24,M,139
SE,25,F,393
SE,25,M,143
SE,26,F,379
SE,26,M,153
SE,27,F,386
SE,27,M,138
SE,28,F,389
SE,28,M,131
SE,29,F,411
SE,29,M,125
SE,30,F,365
SE,30,M,150
SE,31,F,321
SE,31,M,126
SE,32,F,338
SE,32,M,116
SE,33,F,309
SE,33,M,136
SE,34,F,292
SE,34,M,116
SE,35,F,295
SE,35,M,118
SE,36,F,330
SE,36,M,133
SE,37,F,306
SE,37,M,141
SE,38,F,260
SE,38,M,142
SE,39,F,253
SE,39,M,109
SE,40,F,219
SE,40,M,114
SE,41,F,233
SE,41,M,118
SE,42,F,229
SE,42,M,132
SE,43,F,203
SE,43,M,137
SE,44,F,197
SE,44,M,106
SE,45,F,170
SE,45,M,103
SE,46,F,174
SE,46,M,124
SE,47,F,183
SE,47,M,112
SE,48,F,162
SE,48,M,109
SE,49,F,150
SE,49,M,110
SE,50,F,176
SE,50,M,101
SE,51,F,138
SE,51,M,89
SE,52,F,161
SE,52,M,96
SE,53,F,121
SE,53,M,78
SE,54,F,151
SE,54,M,80
SE,55,F,148
SE,55,M,73
SE,56,F,140
SE,56,M,75
SE,57,F,121
SE,57,M,75
SE,58,F,139
SE,58,M,81
SE,59,F,165
SE,59,M,68
SE,60,F,232
SE,60,M,174
SE,61,F,207
SE,61,M,130
SE,62,F,226
SE,62,M,145
SE,63,F,209
SE,63,M,135
SE,64,F,238
SE,64,M,164
SE,65,F,221
SE,65,M,149
SE,66,F,206
SE,66,M,153
SE,67,F,221
SE,67,M,137
SE,68,F,196
SE,68,M,139
SE,69,F,170
SE,69,M,129
SE,70,F,180
SE,70,M,138
SE,71,F,160
SE,71,M,131
SE,72,F,164
SE,72,M,111
SE,73,F,143
SE,73,M,107
SE,74,F,137
SE,74,M,109
SE,75,F,146
SE,75,M,105
SE,76,F,104
SE,76,M,87
SE,77,F,101
SE,77,M,81
SE,78,F,84
SE,78,M,51
SE,79,F,67
SE,79,M,63
SE,80,F,65
SE,80,M,63
SE,81,F,57
SE,81,M,42
SE,82,F,51
SE,82,M,41
SE,83,F,36
SE,83,M,24
SE,84,F,48
SE,84,M,17
SE,85,F,30
SE,85,M,38
SE,86,F,32
SE,86,M,11
SE,87,F,23
SE,87,M,11
SE,88,F,24
SE,88,M,14
SE,89,F,12
SE,89,M,8
SE,90,F,12
SE,90,M,11
SE,91,F,11
SE,91,M,3
SE,92,F,10
SE,92,M,3
SE,93,F,9
SE,93,M,1
SE,94,F,6
SE,94,M,3
SE,95,F,3
SE,95,M,2
SE,96,F,5
SE,96,M,2
SE,97,F,4
SE,98,M,1
SE,99,M,1
SE,101,F,1
SE,105,M,1
SP,0,F,132390
SP,0,I,8
SP,0,M,138161
SP,1,F,58621
SP,1,M,61748
SP,2,F,10692
SP,2,M,11392
SP,3,F,7122
SP,3,M,7288
SP,4,F,39572
SP,4,M,40625
SP,5,F,7299
SP,5,M,7292
SP,6,F,3069
SP,6,M,3380
SP,7,F,1366
SP,7,M,1489
SP,8,F,1129
SP,8,M,1244
SP,9,F,21449
SP,9,M,17312
SP,10,F,21723
SP,10,I,1
SP,10,M,21280
SP,11,F,33436
SP,11,M,33675
SP,12,F,15582
SP,12,M,16858
SP,13,F,12358
SP,13,M,13421
SP,14,F,14869
SP,14,M,14879
SP,15,F,16137
SP,15,I,1
SP,15,M,14146
SP,16,F,4543
SP,16,M,4072
SP,17,F,3201
SP,17,M,2237
SP,18,F,3606
SP,18,I,1
SP,18,M,2301
SP,19,F,3928
SP,19,M,1887
SP,20,F,4309
SP,20,M,1685
SP,21,F,4738
SP,21,M,1875
SP,22,F,4905
SP,22,M,1910
SP,23,F,5055
SP,23,M,2087
SP,24,F,5674
SP,24,M,2412
SP,25,F,7749
SP,25,M,3403
SP,26,F,6791
SP,26,M,3139
SP,27,F,6301
SP,27,M,3095
SP,28,F,6263
SP,28,M,3073
SP,29,F,5990
SP,29,M,3099
SP,30,F,5849
SP,30,M,2949
SP,31,F,5522
SP,31,M,2952
SP,32,F,5306
SP,32,M,2871
SP,33,F,5351
SP,33,M,2995
SP,34,F,5131
SP,34,M,2947
SP,35,F,5508
SP,35,M,3118
SP,36,F,5360
SP,36,M,3241
SP,37,F,4954
SP,37,I,1
SP,37,M,3130
SP,38,F,4794
SP,38,M,3051
SP,39,F,4379
SP,39,M,3063
SP,40,F,4281
SP,40,M,2938
SP,41,F,3978
SP,41,M,2891
SP,42,F,4184
SP,42,M,3086
SP,43,F,3877
SP,43,M,3052
SP,44,F,3662
SP,44,M,2931
SP,45,F,3574
SP,45,M,2896
SP,46,F,3335
SP,46,M,2616
SP,47,F,3243
SP,47,M,2427
SP,48,F,3099
SP,48,M,2497
SP,49,F,3015
SP,49,M,2391
SP,50,F,3146
SP,50,M,2436
SP,51,F,2917
SP,51,M,2263
SP,52,F,2945
SP,52,M,2276
SP,53,F,2858
SP,53,M,2148
SP,54,F,2737
SP,54,M,2111
SP,55,F,2738
SP,55,M,2135
SP,56,F,2826
SP,56,M,2057
SP,57,F,2795
SP,57,M,2191
SP,58,F,2832
SP,58,M,2078
SP,59,F,3000
SP,59,M,2241
SP,60,F,4339
SP,60,M,3165
SP,61,F,4216
SP,61,M,3095
SP,62,F,4254
SP,62,M,2987
SP,63,F,4248
SP,63,M,2923
SP,64,F,4404
SP,64,M,3033
SP,65,F,4354
SP,65,M,3023
SP,66,F,4151
SP,66,M,3117
SP,67,F,4075
SP,67,M,3034
SP,68,F,3928
SP,68,M,3014
SP,69,F,3683
SP,69,M,2760
SP,70,F,3652
SP,70,M,2754
SP,71,F,3407
SP,71,M,2649
SP,72,F,3240
SP,72,M,2619
SP,73,F,3090
SP,73,M,2271
SP,74,F,2815
SP,74,M,2216
SP,75,F,2532
SP,75,M,1896
SP,76,F,2334
SP,76,M,1793
SP,77,F,2116
SP,77,M,1568
SP,78,F,1897
SP,78,M,1445
SP,79,F,1620
SP,79,M,1291
SP,80,F,1555
SP,80,M,1155
SP,81,F,1339
SP,81,M,1057
SP,82,F,1140
SP,82,M,882
SP,83,F,939
SP,83,M,737
SP,84,F,864
SP,84,M,633
SP,85,F,783
SP,85,M,591
SP,86,F,677
SP,86,M,501
SP,87,F,578
SP,87,M,364
SP,88,F,543
SP,88,M,321
SP,89,F,451
SP,89,M,265
SP,90,F,337
SP,90,M,202
SP,91,F,299
SP,91,M,138
SP,92,F,231
SP,92,M,105
SP,93,F,187
SP,93,M,76
SP,94,F,155
SP,94,M,55
SP,95,F,101
SP,95,M,42
SP,96,F,70
SP,96,M,40
SP,97,F,61
SP,97,M,22
SP,98,F,45
SP,98,M,14
SP,99,F,37
SP,99,M,10
SP,100,F,21
SP,100,M,4
SP,101,F,13
SP,101,M,5
SP,102,F,7
SP,102,M,1
SP,103,F,4
SP,103,M,1
SP,104,F,2
SP,107,F,1
SP,108,F,1
SP,108,M,1
SP,109,M,1
SP,110,M,1
SP,113,F,1
SP,114,M,1
SP,116,F,1
SP,117,F,1
SP,121,M,1
SP,125,F,7
SP,125,M,3
TO,0,F,5815
TO,0,M,6023
TO,1,F,2715
TO,1,M,2852
TO,2,F,515
TO,2,M,524
TO,3,F,292
TO,3,M,374
TO,4,F,1851
TO,4,M,1956
TO,5,F,286
TO,5,M,246
TO,6,F,138
TO,6,M,170
TO,7,F,61
TO,7,M,78
TO,8,F,69
TO,8,M,68
TO,9,F,1159
TO,9,M,1126
TO,10,F,609
TO,10,M,690
TO,11,F,1439
TO,11,M,1424
TO,12,F,569
TO,12,M,631
TO,13,F,511
TO,13,M,542
TO,14,F,989
TO,14,M,997
TO,15,F,473
TO,15,M,561
TO,16,F,370
TO,16,M,300
TO,17,F,247
TO,17,M,194
TO,18,F,252
TO,18,M,147
TO,19,F,224
TO,19,M,118
TO,20,F,291
TO,20,M,113
TO,21,F,292
TO,21,M,97
TO,22,F,291
TO,22,M,126
TO,23,F,281
TO,23,M,97
TO,24,F,279
TO,24,M,102
TO,25,F,269
TO,25,M,107
TO,26,F,273
TO,26,M,118
TO,27,F,264
TO,27,M,114
TO,28,F,281
TO,28,M,114
TO,29,F,229
TO,29,M,93
TO,30,F,230
TO,30,M,104
TO,31,F,201
TO,31,M,110
TO,32,F,185
TO,32,M,119
TO,33,F,208
TO,33,M,111
TO,34,F,194
TO,34,M,92
TO,35,F,166
TO,35,M,110
TO,36,F,175
TO,36,M,95
TO,37,F,160
TO,37,M,92
TO,38,F,163
TO,38,M,101
TO,39,F,160
TO,39,M,100
TO,40,F,161
TO,40,M,95
TO,41,F,133
TO,41,M,98
TO,42,F,142
TO,42,M,89
TO,43,F,145
TO,43,M,109
TO,44,F,124
TO,44,M,108
TO,45,F,123
TO,45,M,105
TO,46,F,107
TO,46,M,92
TO,47,F,113
TO,47,M,84
TO,48,F,105
TO,48,M,94
TO,49,F,107
TO,49,M,70
TO,50,F,101
TO,50,M,72
TO,51,F,80
TO,51,M,82
TO,52,F,84
TO,52,M,70
TO,53,F,80
TO,53,M,60
TO,54,F,91
TO,54,M,71
TO,55,F,90
TO,55,M,64
TO,56,F,80
TO,56,M,80
TO,57,F,62
TO,57,M,74
TO,58,F,72
TO,58,M,65
TO,59,F,72
TO,59,M,54
TO,60,F,84
TO,60,M,72
TO,61,F,61
TO,61,M,63
TO,62,F,67
TO,62,M,72
TO,63,F,62
TO,63,M,58
TO,64,F,65
TO,64,M,72
TO,65,F,66
TO,65,M,56
TO,66,F,47
TO,66,M,64
TO,67,F,56
TO,67,M,55
TO,68,F,58
TO,68,M,39
TO,69,F,41
TO,69,M,47
TO,70,F,52
TO,70,M,57
TO,71,F,51
TO,71,M,33
TO,72,F,45
TO,72,M,48
TO,73,F,30
TO,73,M,45
TO,74,F,24
TO,74,M,37
TO,75,F,32
TO,75,M,33
TO,76,F,21
TO,76,M,37
TO,77,F,18
TO,77,M,19
TO,78,F,20
TO,78,M,23
TO,79,F,13
TO,79,M,22
TO,80,F,12
TO,80,M,23
TO,81,F,12
TO,81,M,19
TO,82,F,11
TO,82,M,11
TO,83,F,7
TO,83,M,12
TO,84,F,8
TO,84,M,10
TO,85,F,8
TO,85,M,13
TO,86,F,6
TO,86,M,6
TO,87,F,7
TO,87,M,7
TO,88,F,5
TO,88,M,5
TO,89,F,10
TO,89,M,3
TO,90,F,4
TO,90,M,4
TO,91,F,3
TO,91,M,5
TO,92,F,3
TO,92,M,1
TO,93,F,4
TO,94,M,3
TO,95,F,1
TO,95,M,1
TO,97,F,1
TO,98,F,2
